taxon_oid,Domain,Sequencing Status,Study Name,Genome Name / Sample Name,Sequencing Center,IMG Genome ID ,Genus,Species,JGI Project ID / ITS SP ID,Assembly Method,NCBI Project ID,RefSeq Project ID,NCBI Bioproject Accession,Genome Size,Gene Count,16S rRNA Count
2600254933,Bacteria,Draft,Comparative genomics of bacterial root endophytes of switchgrass collected from native prairies over two seasons,Rhizobium sp. NFR12,DOE Joint Genome Institute (JGI),2600254933,Rhizobium,Rhizobium sp. NFR12,1049634,ALLPATHS v. r46652,0,0,PRJNA265328,4750527,4541,3
644736401,Bacteria,Finished,CSP_776821,Rhizobium leguminosarum bv. trifolii WSM1325,DOE Joint Genome Institute (JGI),644736401,Rhizobium,Rhizobium leguminosarum,16321,"Newbler v. 1.1.02.15, Phrap v. 4.24 SPS",20097,58991,PRJNA20097,7418122,7292,3
2585427527,Bacteria,Permanent Draft,"Populus root and rhizosphere microbial communities from Tennessee, USA",Rhizobium leguminosarum YR374,DOE Joint Genome Institute (JGI),2585427527,Rhizobium,Rhizobium leguminosarum,1035696,vpAllpaths v. r46652,0,0,PRJNA247571,7273426,6894,1
2617270742,Bacteria,Draft,"Genomic Encyclopedia of Type Strains, Phase III (KMG-III): the genomes of soil and plant-associated and newly described type strains",Rhizobium miluonense HAMBI 2971,DOE Joint Genome Institute (JGI),2617270742,Rhizobium,Rhizobium miluonense,1052911,ALLPATHS v. r46652,0,0,PRJNA303276,6808054,6493,3
2513237162,Bacteria,Permanent Draft,GEBA - Root Nodulating Bacteria,Rhizobium leguminosarum bv. viciae GB30,DOE Joint Genome Institute (JGI),2513237162,Rhizobium,Rhizobium leguminosarum,404588,ALLPATHS v. R37654; Velvet version 1.1.04; ALLPATHS v. r41043,0,0,PRJNA165299,7468464,7301,1
2529292711,Bacteria,Permanent Draft,Rhizobium etli CNPAF512,Rhizobium etli CNPAF512,University of Leuven ? KU Leuven,2529292711,Rhizobium,Rhizobium etli,0,Velvet v. 1.0.12,0,0,PRJNA63387,6726123,6544,0
2517093000,Bacteria,Permanent Draft,GEBA - Root Nodulating Bacteria,Rhizobium leguminosarum bv. trifolii SRDI943,DOE Joint Genome Institute (JGI),2517093000,Rhizobium,Rhizobium leguminosarum,404034,"Velvet v. 1.1.05, Phrap v. 4.24 SPS, ALLPATHS v. R39750",0,0,PRJNA89687,7412387,7406,3
2643221935,Bacteria,Draft,Genome sequencing of Arabidopsis leaf and root microbiota representing the majority of bacterial species in their natural communities,Rhizobium sp. Leaf386,Max Planck Institute for Plant Breeding Research,2643221935,Rhizobium,Rhizobium sp. Leaf386,0,A5 v. 20140605,0,0,PRJNA297956,6577605,6390,1
2738541327,Bacteria,Draft,The evolution of family Rhizobiaceae,Rhizobium yantingense CCTCC AB 2014007,Major Bio,2738541327,Rhizobium,Rhizobium yantingense,0,SOAP denovo v2.04,0,0,,5816243,5580,1
2728369352,Bacteria,Draft,Genome sequencing of Rhizobium strains recovered from the roots and rhizosphere of common bean,Rhizobium phaseoli sv. phaseoli N831,"Center for Genomic Sciences, UNAM",2728369352,Rhizobium,Rhizobium phaseoli,0,SPAdes v. 3.5.0; Consed23,0,0,PRJNA293118,6745171,6505,3
2718218235,Bacteria,Draft,Genome sequencing of Rhizobium strains recovered from the roots and rhizosphere of common bean,Rhizobium phaseoli sv. phaseoli R620,"Center for Genomic Sciences, UNAM",2718218235,Rhizobium,Rhizobium phaseoli,0,SPAdes v. 3.5.0; Consed23,0,0,PRJNA293118,6630699,6404,3
2643221860,Bacteria,Draft,Genome sequencing of Arabidopsis leaf and root microbiota representing the majority of bacterial species in their natural communities,Rhizobium sp. Leaf262,Max Planck Institute for Plant Breeding Research,2643221860,Rhizobium,Rhizobium sp. Leaf262,0,A5 v. 20140605,0,0,PRJNA297956,5046934,4826,1
2585428001,Bacteria,Permanent Draft,Rhizobium vignae strain:CCBAU 05176 Genome sequencing,Rhizobium vignae CCBAU 05176,"Third Institute of Oceanography, State Oceanic Administration",2585428001,Rhizobium,Rhizobium vignae,0,,0,0,PRJNA251791,6343049,6140,3
2738541310,Bacteria,Draft,The evolution of family Rhizobiaceae,Rhizobium pusense DSM 22668,Major Bio,2738541310,Rhizobium,Rhizobium pusense,0,SOAP denovo v2.04,0,0,,5273252,5125,2
643348569,Bacteria,Finished,CSP_776821,Rhizobium leguminosarum bv. trifolii WSM2304,DOE Joint Genome Institute (JGI),643348569,Rhizobium,Rhizobium leguminosarum,16322,"Newbler v. 1.1.02.15, Phrap v. 4.24 SPS",20179,58997,PRJNA20179,6872702,6643,3
2775507050,Bacteria,Draft,Rhizobium sp. Y9 genome sequencing,Rhizobium sp. Y9,Ibaraki University,2775507050,Rhizobium,Rhizobium sp. Y9,0,SPAdes Hybrid Assembly v. 3.6.2,0,0,PRJNA351913,5321211,5094,4
2791355258,Bacteria,Draft,Rhizobium laguerreae FB206 genome sequencing,Rhizobium laguerreae FB206,"Chinese Academy of Sciences, Northeast Institute of Geography and Agroecology",2791355258,Rhizobium,Rhizobium laguerreae,0,SOAPdenovo v. 1.5,0,0,PRJNA355904,7323210,7188,1
2599185210,Bacteria,Draft,Comparative genomics of bacterial root endophytes of switchgrass collected from native prairies over two seasons,Rhizobium sp. NFACC06-2,DOE Joint Genome Institute (JGI),2599185210,Rhizobium,Rhizobium sp. NFACC06-2,1049481,ALLPATHS v. r46652,0,0,PRJNA265331,5624189,5308,1
2228664006,Bacteria,Permanent Draft,Rhizosphere Grand Challenge Isolate Sequencing,Rhizobium sp. 57MFTsu3.2,DOE Joint Genome Institute (JGI),2228664006,Rhizobium,Rhizobium sp. 57MFTsu3.2,404754,,0,0,PRJNA234283,6413961,6365,1
2738541318,Bacteria,Draft,The evolution of family Rhizobiaceae,Rhizobium cellulosilyticum DSM 18291,Major Bio,2738541318,Rhizobium,Rhizobium cellulosilyticum,0,SOAP denovo v2.04,0,0,,6108836,5933,1
2740891834,Bacteria,Draft,"Genomic Encyclopedia of Type Strains, Phase IV (KMG-V): Genome sequencing to study the core and pangenomes of soil and plant-associated prokaryotes",Rhizobium sp. PP-CC-2G-626,DOE Joint Genome Institute (JGI),2740891834,Rhizobium,Rhizobium sp. PP-CC-2G-626,1145667,spades v. 3.10.1,0,0,PRJNA443270,5912403,5609,1
2643221558,Bacteria,Draft,Genome sequencing of Arabidopsis leaf and root microbiota representing the majority of bacterial species in their natural communities,Rhizobium sp. Root149,Max Planck Institute for Plant Breeding Research,2643221558,Rhizobium,Rhizobium sp. Root149,0,A5 v. 20140604,0,0,PRJNA297942,5460675,5293,1
2630968325,Bacteria,Draft,Rhizobium etli bv. phaseoli IE4803,Rhizobium etli bv. phaseoli IE4803,National Autonomous University of Mexico,2630968325,Rhizobium,Rhizobium etli,0,Velvet v. 1.1.06; Newbler v. 2.5.3; phred_Phrap/Consed23; Sspace_Bassic v. 2.0,0,0,PRJNA231318,6997434,6708,3
2558860983,Bacteria,Permanent Draft,"Genomic Encyclopedia of Type Strains, Phase I: the one thousand microbial genomes (KMG-I) project",Rhizobium undicola ATCC 700741,DOE Joint Genome Institute (JGI),2558860983,Rhizobium,Rhizobium undicola,1024887,vpAllpaths v. r46652,0,0,PRJNA223117,4133860,3765,2
2738541346,Bacteria,Draft,The evolution of family Rhizobiaceae,Rhizobium phaseoli DSM 30137,Major Bio,2738541346,Rhizobium,Rhizobium phaseoli,0,SOAP denovo v2.04,0,0,,6624812,6424,1
2585427632,Bacteria,Finished,Rhizobium etli bv. mimosae IE4771,Rhizobium etli bv. mimosae IE4771,National Autonomous University of Mexico,2585427632,Rhizobium,Rhizobium etli,0,Velvet v. 1.1.06; Newbler v. 2.5.3; phred_Phrap/Consed23; Sspace_Bassic 2.0,0,0,PRJNA230502,7057405,6865,3
2643221889,Bacteria,Draft,Genome sequencing of Arabidopsis leaf and root microbiota representing the majority of bacterial species in their natural communities,Rhizobium sp. Leaf306,Max Planck Institute for Plant Breeding Research,2643221889,Rhizobium,Rhizobium sp. Leaf306,0,A5 v. 20140605,0,0,PRJNA297956,5009159,4756,1
2791355263,Bacteria,Draft,Genome Sequencing of common bean microsymbionts,Rhizobium sp. C5,Northwest A&F University,2791355263,Rhizobium,Rhizobium sp. C5,0,SOAPdenovo v. Jan-2015,0,0,PRJNA403813,6872478,6595,2
2791355262,Bacteria,Draft,Genome Sequencing of common bean microsymbionts,Rhizobium sp. M1,Northwest A&F University,2791355262,Rhizobium,Rhizobium sp. M1,0,SOAPdenovo v. Jan-2015,0,0,PRJNA403813,6774204,6522,1
2738541320,Bacteria,Draft,The evolution of family Rhizobiaceae,Rhizobium tarimense CCTCC AB 2011011,Major Bio,2738541320,Rhizobium,Rhizobium tarimense,0,SOAP denovo v2.04,0,0,,4832611,5028,1
2582581865,Bacteria,Permanent Draft,"Populus root and rhizosphere microbial communities from Tennessee, USA",Rhizobium sp. CF258,DOE Joint Genome Institute (JGI),2582581865,Rhizobium,Rhizobium sp. CF258,1035717,vpAllpaths v. r46652,0,0,PRJNA247544,6644329,6372,1
2738541333,Bacteria,Draft,The evolution of family Rhizobiaceae,Rhizobium sophoriradicis CCBAU 03470,Major Bio,2738541333,Rhizobium,Rhizobium sophoriradicis,0,SOAP denovo v2.04,0,0,,7106503,6771,1
2562617114,Bacteria,Permanent Draft,Plant-Microbe Interfaces,Rhizobium sp. CF080,Oak Ridge National Laboratory,2562617114,Rhizobium,Rhizobium sp. CF080,0,Velvet v. 1.2,0,0,PRJNA83043,7049533,6684,0
2615840698,Bacteria,Draft,"Genomic Encyclopedia of Type Strains, Phase III (KMG-III): the genomes of soil and plant-associated and newly described type strains",Rhizobium multihospitium HAMBI 2975,DOE Joint Genome Institute (JGI),2615840698,Rhizobium,Rhizobium multihospitium,1052914,ALLPATHS v. r46652,0,0,PRJNA303275,7319877,6983,1
2588254269,Bacteria,Permanent Draft,Nitrogen-fixing endophytic and rhizobial strains from Switchgrass and Tobacco plants,Rhizobium oryzae B4P,DOE Joint Genome Institute (JGI),2588254269,Rhizobium,Rhizobium oryzae,1042748,HGAP v. 2.2.0.p1,0,0,PRJNA257886,6065255,5924,3
2738541326,Bacteria,Draft,The evolution of family Rhizobiaceae,Rhizobium populi CCTCC AB 2013068,Major Bio,2738541326,Rhizobium,Rhizobium populi,0,SOAP denovo v2.04,0,0,,5272965,5118,1
2630968330,Bacteria,Draft,Rhizobium leguminosarum bv. trifolii Genome sequencing,Rhizobium leguminosarum bv. trifolii CC275e,AgResearch Limited,2630968330,Rhizobium,Rhizobium leguminosarum,0,A5 v. July-2014; Velvet v. July-2014,0,0,PRJNA259682,7077367,6854,2
2643221933,Bacteria,Draft,Genome sequencing of Arabidopsis leaf and root microbiota representing the majority of bacterial species in their natural communities,Rhizobium sp. Leaf383,Max Planck Institute for Plant Breeding Research,2643221933,Rhizobium,Rhizobium sp. Leaf383,0,A5 v. 20140605,0,0,PRJNA297956,5014728,4640,1
2643221689,Bacteria,Draft,Genome sequencing of Arabidopsis leaf and root microbiota representing the majority of bacterial species in their natural communities,Rhizobium sp. Root483D2,Max Planck Institute for Plant Breeding Research,2643221689,Rhizobium,Rhizobium sp. Root483D2,0,A5 v. 20140605,0,0,PRJNA297942,6042950,5871,1
2657245265,Bacteria,Draft,Above-ground endophytic microbial communities from plants in different locations in the United States,Rhizobium sp. JGI PFNR15_M14 (contamination screened),DOE Joint Genome Institute (JGI),2657245265,Rhizobium,Rhizobium sp.,1086724,spades v. 3.6.0,0,0,PRJNA319697,493396,547,1
2516653085,Bacteria,Permanent Draft,GEBA - Root Nodulating Bacteria,Rhizobium leguminosarum bv. phaseoli 4292,DOE Joint Genome Institute (JGI),2516653085,Rhizobium,Rhizobium leguminosarum,404037,"Velvet v. 1.1.05, ALLPATHS v. R39750, Phrap v. 4.24",0,0,PRJNA84253,7346596,7193,3
2545555877,Bacteria,Permanent Draft,"Genomic Encyclopedia of Type Strains, Phase I: the one thousand microbial genomes (KMG-I) project",Rhizobium selenitireducens ATCC BAA-1503,DOE Joint Genome Institute (JGI),2545555877,Rhizobium,Rhizobium selenitireducens,1013205,Unknown program v. before 2013-10-21,0,0,PRJNA204053,4976687,4780,2
2721755823,Bacteria,Draft,Genome sequencing of Rhizobium strains recovered from the roots and rhizosphere of common bean,Rhizobium phaseoli sv. phaseoli R630,"Center for Genomic Sciences, UNAM",2721755823,Rhizobium,Rhizobium phaseoli,0,SPAdes v. 3.5.0; Consed23,0,0,PRJNA293118,6752556,6490,3
2739367696,Bacteria,Draft,The evolution of family Rhizobiaceae,Rhizobium alamii LMG 24466,Major Bio,2739367696,Rhizobium,Rhizobium alamii,0,SOAP denovo v2.04,0,0,,7412204,7299,1
2738541331,Bacteria,Draft,The evolution of family Rhizobiaceae,Rhizobium rhizoryzae DSM 29514,Major Bio,2738541331,Rhizobium,Rhizobium rhizoryzae,0,SOAP denovo v2.04,0,0,,4862048,4616,1
2739367592,Bacteria,Draft,The evolution of family Rhizobiaceae,Rhizobium yanglingense LMG 19592,Major Bio,2739367592,Rhizobium,Rhizobium yanglingense,0,SOAP denovo v2.04,0,0,,7175875,7032,1
2582581283,Bacteria,Permanent Draft,"Populus root and rhizosphere microbial communities from Tennessee, USA",Rhizobium sp. OK665,DOE Joint Genome Institute (JGI),2582581283,Rhizobium,Rhizobium sp. OK665,1035720,vpAllpaths v. r46652,0,0,PRJNA247559,6030556,5747,1
2585427531,Bacteria,Permanent Draft,"Populus root and rhizosphere microbial communities from Tennessee, USA",Rhizobium tropici YR530,DOE Joint Genome Institute (JGI),2585427531,Rhizobium,Rhizobium tropici,1035681,vpAllpaths v. r46652,0,0,PRJNA247574,6992870,6623,1
2671180227,Bacteria,Draft,"Genomic Encyclopedia of Type Strains, Phase III (KMG-III): the genomes of soil and plant-associated and newly described type strains",Rhizobium pusense LMG 25623,DOE Joint Genome Institute (JGI),2671180227,Rhizobium,Rhizobium pusense,1102500,spades v. 3.6.2,0,0,PRJNA329729,5283618,5138,1
2738541311,Bacteria,Draft,The evolution of family Rhizobiaceae,Rhizobium skierniewicense DSM 26438,Major Bio,2738541311,Rhizobium,Rhizobium skierniewicense,0,SOAP denovo v2.04,0,0,,4774682,4655,2
2513237084,Bacteria,Permanent Draft,GEBA - Root Nodulating Bacteria,Rhizobium leguminosarum bv. viciae UPM1131,DOE Joint Genome Institute (JGI),2513237084,Rhizobium,Rhizobium leguminosarum,404589,ALLPATHS v. R37654,0,0,PRJNA163555,7231967,6951,1
2738541319,Bacteria,Draft,The evolution of family Rhizobiaceae,Rhizobium rosettiformans DSM 26376,Major Bio,2738541319,Rhizobium,Rhizobium rosettiformans,0,SOAP denovo v2.04,0,0,,4909060,4909,0
2645728159,Bacteria,Draft,Above-ground endophytic microbial communities from plants in different locations in the United States,Rhizobium sp. JGI PFNR15_L4 (unscreened),DOE Joint Genome Institute (JGI),2645728159,Rhizobium,Rhizobium sp.,1086723,spades v. 3.6.0,0,0,PRJNA311453,912239,1006,0
2585427528,Bacteria,Permanent Draft,"Populus root and rhizosphere microbial communities from Tennessee, USA",Rhizobium leguminosarum CF307,DOE Joint Genome Institute (JGI),2585427528,Rhizobium,Rhizobium leguminosarum,1035693,vpAllpaths v. r46652,0,0,PRJNA247552,6842387,6516,1
2740891826,Bacteria,Draft,"Genomic Encyclopedia of Type Strains, Phase IV (KMG-V): Genome sequencing to study the core and pangenomes of soil and plant-associated prokaryotes",Rhizobium sp. PP-F2F-G48,DOE Joint Genome Institute (JGI),2740891826,Rhizobium,Rhizobium sp. PP-F2F-G48,1145665,spades v. 3.10.1,0,0,PRJNA443275,5365952,4993,1
2791355264,Bacteria,Draft,Genome Sequencing of common bean microsymbionts,Rhizobium sp. S9,Northwest A&F University,2791355264,Rhizobium,Rhizobium sp. S9,0,SOAPdenovo v. Jan-2015,0,0,PRJNA403813,6429314,6228,1
2718218269,Bacteria,Draft,Genome sequencing of Rhizobium strains recovered from the roots and rhizosphere of common bean,Rhizobium phaseoli sv. phaseoli N671,"Center for Genomic Sciences, UNAM",2718218269,Rhizobium,Rhizobium phaseoli,0,SPAdes v. 3.5.0; Consed23,0,0,PRJNA293118,6906114,6717,3
2582581304,Bacteria,Permanent Draft,"Populus root and rhizosphere microbial communities from Tennessee, USA",Rhizobium sp. YR519,DOE Joint Genome Institute (JGI),2582581304,Rhizobium,Rhizobium sp. YR519,1035666,vpAllpaths v. r46652,0,0,PRJNA247575,5831370,5614,2
2524023199,Bacteria,Finished,Rhizobium tropici CIAT899,Rhizobium tropici CIAT899,National Autonomous University of Mexico,2524023199,Rhizobium,Rhizobium tropici,0,,0,0,PRJNA42391,6686334,6349,3
2510461076,Bacteria,Permanent Draft,"Analysis of the clover, pea/bean and lupin microsymbiont genetic pool by studying isolates from distinct Vavilov centres of diversity",Rhizobium leguminosarum bv. trifolii TA1,DOE Joint Genome Institute (JGI),2510461076,Rhizobium,Rhizobium leguminosarum,403009,"Velvet v. 1.0.13, Newbler v. 2.3, Phrap v. 4.24",63831,0,PRJNA63831,8618824,8576,2
2515154116,Bacteria,Permanent Draft,GEBA - Root Nodulating Bacteria,Rhizobium leguminosarum bv. viciae Ps8,DOE Joint Genome Institute (JGI),2515154116,Rhizobium,Rhizobium leguminosarum,404579,"Velvet v. 1.1.04, ALLPATHS v. R41043",0,0,PRJNA169711,7552979,7359,0
639633055,Bacteria,Finished,Rhizobium leguminosarum bv. viciae 3841,Rhizobium leguminosarum bv. viciae 3841,Wellcome Trust Sanger Institute,639633055,Rhizobium,Rhizobium leguminosarum,0,"Phrap, Gap4",344,57955,PRJNA344,7751309,7357,3
2754412943,Bacteria,Finished,Nitrogen-fixing symbiotic bacteria,Rhizobium sp. CIAT 894,National Autonomous University of Mexico,2754412943,Rhizobium,Rhizobium sp. CIAT894,0,,0,0,PRJNA29565,6657947,6405,3
642979303,Bacteria,Permanent Draft,Nitrogen-fixing symbiotic bacteria,Rhizobium etli 8C-3,National Autonomous University of Mexico,642979303,Rhizobium,Rhizobium etli,0,,29559,55139,PRJNA29559,3469500,5131,3
2721755815,Bacteria,Draft,Rhizobium gallicum sv gallicum IE4872 genome sequencing,Rhizobium gallicum IE4872,"Center for Genomic Sciences, UNAM",2721755815,Rhizobium,Rhizobium gallicum,0,Velvet v. 1.1.06; Sspace-Basic 2.0; Consedv. 23,0,0,PRJNA293856,7474202,7395,3
2721755822,Bacteria,Draft,Genome sequencing of Rhizobium strains recovered from the roots and rhizosphere of common bean,Rhizobium phaseoli sv. phaseoli R650,"Center for Genomic Sciences, UNAM",2721755822,Rhizobium,Rhizobium phaseoli,0,SPAdes v. 3.5.0; Consed23,0,0,PRJNA293118,6726041,6445,3
2529292951,Bacteria,Permanent Draft,Rhizobium leguminosarum CCGE 510,Rhizobium sp. CCGE 510,National Autonomous University of Mexico,2529292951,Rhizobium,Rhizobium sp. CCGE 510,0,Velvet v. 1.2.03; Newbler v. 2.3,0,0,PRJNA63217,6916614,6642,1
2728369365,Bacteria,Draft,Genome sequencing of Rhizobium strains recovered from the roots and rhizosphere of common bean,Rhizobium sp. N1341,"Center for Genomic Sciences, UNAM",2728369365,Rhizobium,Rhizobium sp. N1341,0,SPAdes v. 3.5.0; Consed23,0,0,PRJNA293118,6555560,6343,3
2617270885,Bacteria,Draft,"Genomic Encyclopedia of Type Strains, Phase III (KMG-III): the genomes of soil and plant-associated and newly described type strains",Rhizobium oryzae CGMCC 1.7048,DOE Joint Genome Institute (JGI),2617270885,Rhizobium,Rhizobium oryzae,1058160,ALLPATHS v. r46652,0,0,PRJNA303536,5388788,4842,1
2585427529,Bacteria,Permanent Draft,"Populus root and rhizosphere microbial communities from Tennessee, USA",Rhizobium alamii YR584,DOE Joint Genome Institute (JGI),2585427529,Rhizobium,Rhizobium alamii,1035687,vpAllpaths v. r46652,0,0,PRJNA247578,7395659,7140,1
2516653047,Bacteria,Permanent Draft,GEBA - Root Nodulating Bacteria,Rhizobium leguminosarum bv. viciae TOM,DOE Joint Genome Institute (JGI),2516653047,Rhizobium,Rhizobium leguminosarum,404040,Unknown program v. before 2012-07-31,0,0,PRJNA80887,7357668,7255,3
2619619304,Bacteria,Draft,Rhizobium sp. LMB-1,Rhizobium sp. LMB-1,East China University of Science and Technology,2619619304,Rhizobium,Rhizobium sp. LMB-1,0,SOAPdenovo v. 2.04,0,0,PRJNA277782,5218755,4970,3
2718218233,Bacteria,Draft,Genome sequencing of Rhizobium strains recovered from the roots and rhizosphere of common bean,Rhizobium phaseoli sv. phaseoli R744,"Center for Genomic Sciences, UNAM",2718218233,Rhizobium,Rhizobium phaseoli,0,SPAdes v. 3.5.0; Consed23,0,0,PRJNA293118,6662049,6401,3
2643221718,Bacteria,Draft,Genome sequencing of Arabidopsis leaf and root microbiota representing the majority of bacterial species in their natural communities,Rhizobium sp. Root268,Max Planck Institute for Plant Breeding Research,2643221718,Rhizobium,Rhizobium sp. Root268,0,A5 v. 20140604,0,0,PRJNA297942,5345506,5100,1
2654587994,Bacteria,Draft,The Complete Genome Sequence of the Rice Endophyte Rhizobium sp. Strain IRBG74,Rhizobium sp. IRBG74,National Center for Genome Resources,2654587994,Rhizobium,Rhizobium sp. IRBG74,0,,0,0,PRJEB4411,5464982,5265,0
2582581294,Bacteria,Permanent Draft,"Populus root and rhizosphere microbial communities from Tennessee, USA",Rhizobium sp. CF394,DOE Joint Genome Institute (JGI),2582581294,Rhizobium,Rhizobium sp. CF394,1035672,vpAllpaths v. r46652,0,0,PRJNA247554,6626667,6428,2
2643221436,Bacteria,Permanent Draft,Rhizosphere Grand Challenge Single Cell Sequencing,Combined assembly of Rhizobium endophytes JGI 0001062,DOE Joint Genome Institute (JGI),2643221436,Rhizobium,Rhizobium sp. JGI 0001009-A16,0,spades v. 3.0.0,0,0,PRJNA169807,4761447,4913,2
2619618868,Bacteria,Draft,Four anaerobic lignin-degrading bacteria isolated from Puerto Rico tropical forest soils,Rhizobium sp. AN6A,DOE Joint Genome Institute (JGI),2619618868,Rhizobium,Rhizobium sp. AN6A,1057933,HGAP v. 2.3.0,0,0,PRJNA319694,5625739,5305,4
2791355256,Bacteria,Draft,Genome Sequencing of common bean microsymbionts,Rhizobium sp. M10,Northwest A&F University,2791355256,Rhizobium,Rhizobium sp. M10,0,SPAdes v. Jan-2015,0,0,PRJNA403813,6798008,6517,1
2788499837,Bacteria,Draft,Above-ground endophytic microbial communities from plants in different locations in the United States,Rhizobium sp. WW_1,DOE Joint Genome Institute (JGI),2788499837,Rhizobium,Rhizobium sp. WW_1,0,spades v. 3.11.0,0,0,PRJNA347058,8029775,7684,2
2643221915,Bacteria,Draft,Genome sequencing of Arabidopsis leaf and root microbiota representing the majority of bacterial species in their natural communities,Rhizobium sp. Leaf341,Max Planck Institute for Plant Breeding Research,2643221915,Rhizobium,Rhizobium sp. Leaf341,0,A5 v. 20140605,0,0,PRJNA297956,4656797,4269,1
2716884867,Bacteria,Draft,Aquatic microbiome from duckweeds obtained from Rutgers Duckweed Stock Cooperative (RDSC),Rhizobium sp. RU36D,DOE Joint Genome Institute (JGI),2716884867,Rhizobium,Rhizobium sp. RU36D,1115958,spades v. 3.6.2,0,0,PRJNA345753,6076270,5844,1
2738541345,Bacteria,Draft,The evolution of family Rhizobiaceae,Rhizobium mesoamericanum DSM 28449,Major Bio,2738541345,Rhizobium,Rhizobium mesoamericanum,0,SOAP denovo v2.04,0,0,,6352938,6267,1
2765235942,Bacteria,Draft,Rhizobium sp. WYCCWR10014 Genome Sequencing,Rhizobium sp. WYCCWR10014,Zhengzhou University,2765235942,Rhizobium,Rhizobium sp. WYCCWR10014,0,SOAPdenovo v. 2.3,0,0,PRJNA319404,7445910,7162,1
2643221599,Bacteria,Draft,Genome sequencing of Arabidopsis leaf and root microbiota representing the majority of bacterial species in their natural communities,Rhizobium sp. Root708,Max Planck Institute for Plant Breeding Research,2643221599,Rhizobium,Rhizobium sp. Root708,0,A5 v. 20140605,0,0,PRJNA297942,6292121,6115,1
2643221891,Bacteria,Draft,Genome sequencing of Arabidopsis leaf and root microbiota representing the majority of bacterial species in their natural communities,Rhizobium sp. Leaf311,Max Planck Institute for Plant Breeding Research,2643221891,Rhizobium,Rhizobium sp. Leaf311,0,A5 v. 20140605,0,0,PRJNA297956,4845603,4628,3
2738541317,Bacteria,Draft,The evolution of family Rhizobiaceae,Rhizobium halophytocola DSM 21600,Major Bio,2738541317,Rhizobium,Rhizobium halophytocola,0,SOAP denovo v2.04,0,0,,5340176,5022,0
2643221931,Bacteria,Draft,Genome sequencing of Arabidopsis leaf and root microbiota representing the majority of bacterial species in their natural communities,Rhizobium sp. Leaf371,Max Planck Institute for Plant Breeding Research,2643221931,Rhizobium,Rhizobium sp. Leaf371,0,A5 v. 20140605,0,0,PRJNA297956,5085899,4691,1
2740891835,Bacteria,Draft,"Genomic Encyclopedia of Type Strains, Phase III (KMG-III): the genomes of soil and plant-associated and newly described type strains",Rhizobium sp. PP-F2F-G20b,DOE Joint Genome Institute (JGI),2740891835,Rhizobium,Rhizobium sp. PP-F2F-G20b,1145658,spades v. 3.10.1,0,0,PRJNA460788,5527914,5210,1
2667528175,Bacteria,Draft,Comparative genomics of bacterial root endophytes of switchgrass collected from native prairies over two seasons,Rhizobium tropici NFR14,DOE Joint Genome Institute (JGI),2667528175,Rhizobium,Rhizobium tropici,1049640,spades v. 3.6.2,0,0,PRJNA263082,7532676,7094,1
2648501138,Bacteria,Draft,Rhizobium ecuadorense CNPSO 671 genome sequencing,Rhizobium ecuadorense CNPSO 671,Embrapa Soja,2648501138,Rhizobium,Rhizobium ecuadorense,0,Velvet v. 4,0,0,PRJNA287284,6886558,6668,1
2513237093,Bacteria,Permanent Draft,GEBA - Root Nodulating Bacteria,Rhizobium leguminosarum bv. phaseoli FA23,DOE Joint Genome Institute (JGI),2513237093,Rhizobium,Rhizobium leguminosarum,404594,ALLPATHS v. R37654,0,0,PRJNA163059,7545552,7285,1
2528768102,Bacteria,Permanent Draft,Rhizosphere Grand Challenge Single Cell Sequencing,Rhizobium sp. JGI 0001004-L08 (unscreened),DOE Joint Genome Institute (JGI),2528768102,Rhizobium,Rhizobium sp. JGI 0001004-L08,407932,"Velvet v. 1.1.04, ALLPATHS v. R37654",0,0,PRJNA169693,2820360,2778,1
2643221936,Bacteria,Draft,Genome sequencing of Arabidopsis leaf and root microbiota representing the majority of bacterial species in their natural communities,Rhizobium sp. Leaf391,Max Planck Institute for Plant Breeding Research,2643221936,Rhizobium,Rhizobium sp. Leaf391,0,A5 v. 20140605,0,0,PRJNA297956,6560665,6318,1
2602042090,Bacteria,Draft,Convergent evolution of an endohyphal lifestyle and mutualism in phylogenetically diverse bacteria,Rhizobium sp. 9140,DOE Joint Genome Institute (JGI),2602042090,Rhizobium,Rhizobium sp. 9140,1022163,HGAP v. 2.3.0,0,0,PRJNA303210,5428940,5228,4
2596583570,Bacteria,Draft,"Genomic Encyclopedia of Type Strains, Phase III (KMG-III): the genomes of soil and plant-associated and newly described type strains",Rhizobium loessense CGMCC 1.3401,DOE Joint Genome Institute (JGI),2596583570,Rhizobium,Rhizobium loessense,1041466,vpAllpaths v. r46652,0,0,PRJNA255615,6728492,6543,1
2671180023,Bacteria,Draft,"Genomic Encyclopedia of Type Strains, Phase III (KMG-III): the genomes of soil and plant-associated and newly described type strains",Rhizobium tibeticum CGMCC 1.7071,DOE Joint Genome Institute (JGI),2671180023,Rhizobium,Rhizobium tibeticum,1076358,ALLPATHS v. r46652,0,0,PRJNA323148,7065782,7234,1
2615840624,Bacteria,Draft,"Genomic Encyclopedia of Type Strains, Phase III (KMG-III): the genomes of soil and plant-associated and newly described type strains",Rhizobium aethiopicum HBR26,DOE Joint Genome Institute (JGI),2615840624,Rhizobium,Rhizobium aethiopicum,1052920,ALLPATHS v. r46652,0,0,PRJNA303274,6557588,6307,1
2721755809,Bacteria,Draft,Genome sequencing of Rhizobium strains recovered from the roots and rhizosphere of common bean,Rhizobium sp. N541,"Center for Genomic Sciences, UNAM",2721755809,Rhizobium,Rhizobium sp. N541,0,SPAdes v. 3.5.0; Consed v. 23,0,0,PRJNA293118,6438790,6147,3
2510461069,Bacteria,Permanent Draft,Rhizobium sp. PDO1-076,Rhizobium sp. PDO1-076,Oak Ridge National Laboratory,2510461069,Rhizobium,Rhizobium sp. PDO1-076,0,Newbler v. 2.6,0,0,PRJNA78831,5505000,5480,1
2708742416,Bacteria,Draft,Aquatic microbiome from duckweeds obtained from Rutgers Duckweed Stock Cooperative (RDSC),Rhizobium sp. RU20A,DOE Joint Genome Institute (JGI),2708742416,Rhizobium,Rhizobium sp. RU20A,1115955,spades v. 3.6.2,0,0,PRJNA345750,4526531,4255,1
2744054510,Bacteria,Draft,Rhizobium altiplani BR10423 genome sequencing,Rhizobium altiplani BR10423,Embrapa Agrobiologia,2744054510,Rhizobium,Rhizobium altiplani,0,ABySS v. 1.9.0,0,0,PRJNA301785,8099210,8077,6
2643221607,Bacteria,Draft,Genome sequencing of Arabidopsis leaf and root microbiota representing the majority of bacterial species in their natural communities,Rhizobium sp. Root73,Max Planck Institute for Plant Breeding Research,2643221607,Rhizobium,Rhizobium sp. Root73,0,A5 v. 20140605,0,0,PRJNA297942,6314006,6079,1
2645728186,Bacteria,Draft,Above-ground endophytic microbial communities from plants in different locations in the United States,Rhizobium sp. JGI PFNR15_K19 (unscreened),DOE Joint Genome Institute (JGI),2645728186,Rhizobium,Rhizobium sp.,1086722,spades v. 3.6.0,0,0,PRJNA311454,650132,729,0
642979352,Bacteria,Finished,Nitrogen-fixing symbiotic bacteria,Rhizobium phaseoli Brasil 5,National Autonomous University of Mexico,642979352,Rhizobium,Rhizobium phaseoli,0,,29557,55137,PRJNA29557,3425620,5088,1
2599185156,Bacteria,Draft,Comparative genomics of bacterial root endophytes of switchgrass collected from native prairies over two seasons,Rhizobium sp. NFR03,DOE Joint Genome Institute (JGI),2599185156,Rhizobium,Rhizobium sp. NFR03,1049607,ALLPATHS v. r46652,0,0,PRJNA265330,5403036,5118,1
2791355255,Bacteria,Draft,Rhizobium arenae MIM27 genome sequencing,Rhizobium arenae MIM27,Applied and Environmental Microbiology,2791355255,Rhizobium,Rhizobium arenae,0,SOAPdenovo v. 2.04,0,0,PRJNA351912,4933054,4769,1
2627853656,Bacteria,Draft,Rhizobium gallicum bv. gallicum R602 Genome sequencing,Rhizobium gallicum bv. gallicum R602,National Autonomous University of Mexico,2627853656,Rhizobium,Rhizobium gallicum,0,Velvet v. 1.1.06; Newbler v. 5.3;phred_Phrap/Consed23; Sspace_Bassic v. 2.0,0,0,PRJNA227036,7311190,7152,3
2515154115,Bacteria,Permanent Draft,GEBA - Root Nodulating Bacteria,Rhizobium leguminosarum bv. viciae 128C53,DOE Joint Genome Institute (JGI),2515154115,Rhizobium,Rhizobium leguminosarum,404586,"Velvet v. 1.1.04, ALLPATHS v. R41043",0,0,PRJNA169734,7609235,7396,0
2509276021,Bacteria,Permanent Draft,"Analysis of the clover, pea/bean and lupin microsymbiont genetic pool by studying isolates from distinct Vavilov centres of diversity",Rhizobium leguminosarum bv. trifolii WSM597,DOE Joint Genome Institute (JGI),2509276021,Rhizobium,Rhizobium leguminosarum,403012,"Velvet v. 1.0.13, Newbler v. 2.3, Phrap v. 4.24",65299,0,PRJNA65299,7634384,7481,3
2738541330,Bacteria,Draft,The evolution of family Rhizobiaceae,Rhizobium subbaraonis DSM 24765,Major Bio,2738541330,Rhizobium,Rhizobium subbaraonis,0,SOAP denovo v2.04,0,0,,6582042,6367,1
2517572231,Bacteria,Permanent Draft,Rhizosphere Grand Challenge Isolate Sequencing,Rhizobium sp. 2MFCol3.1,DOE Joint Genome Institute (JGI),2517572231,Rhizobium,Rhizobium sp. 2MFCol3.1,1001111,"Velvet v. 1.1.04, ALLPATHS v. R37654",0,0,PRJNA178040,6550409,6365,1
2708742397,Bacteria,Draft,Aquatic microbiome from duckweeds obtained from Rutgers Duckweed Stock Cooperative (RDSC),Rhizobium sp. RU33A,DOE Joint Genome Institute (JGI),2708742397,Rhizobium,Rhizobium sp. RU33A,1115956,spades v. 3.6.2,0,0,PRJNA345751,4849481,4658,1
2690315628,Bacteria,Draft,"Populus root and rhizosphere microbial communities from Tennessee, USA",Rhizobium sp. PDC82,DOE Joint Genome Institute (JGI),2690315628,Rhizobium,Rhizobium sp. PDC82,1094158,spades v. 3.6.2,0,0,PRJNA329814,5582960,5320,1
2721755514,Bacteria,Draft,Genome sequencing of Rhizobium strains recovered from the roots and rhizosphere of common bean,Rhizobium sp. N6212,"Center for Genomic Sciences, UNAM",2721755514,Rhizobium,Rhizobium sp. N6212,0,SPAdes v. 3.5.0; Consed23,0,0,PRJNA293118,6424414,6191,3
2645728160,Bacteria,Draft,Above-ground endophytic microbial communities from plants in different locations in the United States,Rhizobium sp. JGI PFNR15_E18 (unscreened),DOE Joint Genome Institute (JGI),2645728160,Rhizobium,Rhizobium sp.,1086725,spades v. 3.6.0,0,0,PRJNA311455,197271,238,1
2693429793,Bacteria,Draft,Rhizobium sp. LCM 4573 Genome sequencing and assembly,Rhizobium sp. LCM 4573,University of New Hampshire,2693429793,Rhizobium,Rhizobium sp. LCM 4573,0,"Trimmomatic 0.32, Spades 3.5.0, Allpaths 52415",0,0,PRJNA321049,5521535,5307,1
2718217997,Bacteria,Draft,Genome sequencing of Rhizobium strains recovered from the roots and rhizosphere of common bean,Rhizobium phaseoli sv. phaseoli R723,"Center for Genomic Sciences, UNAM",2718217997,Rhizobium,Rhizobium phaseoli,0,SPAdes v. 3.5.0; Consed23,0,0,PRJNA293118,6740740,6486,3
2718218423,Bacteria,Draft,Genome sequencing of Rhizobium strains recovered from the roots and rhizosphere of common bean,Rhizobium sp. N941,"Center for Genomic Sciences, UNAM",2718218423,Rhizobium,Rhizobium sp. N941,0,SPAdes v. 3.5.0; Consed v. 23,0,0,PRJNA293118,6438183,6142,3
2630968783,Bacteria,Draft,Rhizobium sp. LC145 genome sequencing,Rhizobium sp. LC145,Monash University Malaysia,2630968783,Rhizobium,Rhizobium sp. LC145,0,SPAdes v. 3.5.0,0,0,PRJNA281579,5880273,5887,1
642979302,Bacteria,Permanent Draft,Nitrogen-fixing symbiotic bacteria,Rhizobium etli GR56,National Autonomous University of Mexico,642979302,Rhizobium,Rhizobium etli,0,,29561,55141,PRJNA29561,4164184,5440,3
2513237088,Bacteria,Permanent Draft,GEBA - Root Nodulating Bacteria,Rhizobium mesoamericanum STM6155,DOE Joint Genome Institute (JGI),2513237088,Rhizobium,Rhizobium mesoamericanum,404592,"Velvet v. 1.1.04, Allpaths-LG v. r39750",0,0,PRJNA163057,6927906,6926,1
2791355265,Bacteria,Draft,Genome Sequencing of common bean microsymbionts,Rhizobium sp. H4,Northwest A&F University,2791355265,Rhizobium,Rhizobium sp. H4,0,SOAPdenovo v. Jan-2015,0,0,PRJNA403813,6539969,6328,1
2721755685,Bacteria,Draft,Genome sequencing of Rhizobium strains recovered from the roots and rhizosphere of common bean,Rhizobium phaseoli sv. phaseoli R611,"Center for Genomic Sciences, UNAM",2721755685,Rhizobium,Rhizobium phaseoli,0,SPAdes v. 3.5.0; Consed23,0,0,PRJNA293118,6704835,6420,3
651717137,Bacteria,Permanent Draft,Encyclopedia of Biosynthetic Clusters (EBiC),Rhizobium sp. BICC 651,Bose Institute,651717137,Rhizobium,Rhizobium sp. BICC 651,0,,0,0,,4921,4,0
2545824552,Bacteria,Permanent Draft,"Bioprospecting for lignincellulytic microbes and enzymes from natural, highly-evolved plant biomass-degrading systems",Rhizobium sp. UGM030330-04,DOE Joint Genome Institute (JGI),2545824552,Rhizobium,Rhizobium sp. UGM030330-04,1023617,Velvet v. 1.1.04,0,0,PRJNA213337,5318565,4974,1
2684623037,Bacteria,Draft,Rhizobium sp. RSm-3 Genome sequencing,Rhizobium sp. RSm-3,University of New Hampshire,2684623037,Rhizobium,Rhizobium sp. RSm-3,0,"Trimmomatic 0.32, Spades 3.5.0, Allpaths 52415",0,0,PRJNA296467,6912093,6453,1
2738541328,Bacteria,Draft,The evolution of family Rhizobiaceae,Rhizobium leguminosarum CGMCC 1.2553,Major Bio,2738541328,Rhizobium,Rhizobium leguminosarum,0,SOAP denovo v2.04,0,0,,7814392,7532,1
2513237144,Bacteria,Permanent Draft,GEBA - Root Nodulating Bacteria,Rhizobium sullae WSM1592,DOE Joint Genome Institute (JGI),2513237144,Rhizobium,Rhizobium sullae,404583,ALLPATHS v. R37654; Velvet 1.1.04; Allpaths-LG r39750,0,0,PRJNA165333,7530820,7525,1
2582581308,Bacteria,Permanent Draft,"Populus root and rhizosphere microbial communities from Tennessee, USA",Rhizobium sp. OK494,DOE Joint Genome Institute (JGI),2582581308,Rhizobium,Rhizobium sp. OK494,1035663,vpAllpaths v. r46652,0,0,PRJNA247560,7413247,7055,1
2721755810,Bacteria,Draft,Genome sequencing of Rhizobium strains recovered from the roots and rhizosphere of common bean,Rhizobium sp. N871,"Center for Genomic Sciences, UNAM",2721755810,Rhizobium,Rhizobium sp. N871,0,SPAdes v. 3.5.0; Consed23,0,0,PRJNA293118,6479005,6276,3
2718217927,Bacteria,Draft,Genome sequencing of Rhizobium strains recovered from the roots and rhizosphere of common bean,Rhizobium sp. N324,"Center for Genomic Sciences, UNAM",2718217927,Rhizobium,Rhizobium sp. N324,0,SPAdes v. 3.5.0; Consed v. 23,0,0,PRJNA293118,6972593,6697,3
2643221643,Bacteria,Draft,Genome sequencing of Arabidopsis leaf and root microbiota representing the majority of bacterial species in their natural communities,Rhizobium sp. Root1220,Max Planck Institute for Plant Breeding Research,2643221643,Rhizobium,Rhizobium sp. Root1220,0,A5 v. 20140604,0,0,PRJNA297942,5749658,5677,1
2510917026,Bacteria,Permanent Draft,Rhizobium sp. CF80,Rhizobium sp. CF80,Oak Ridge National Laboratory,2510917026,Rhizobium,Rhizobium sp.,0,Velvet,0,0,,7046020,7619,1
2738541329,Bacteria,Draft,The evolution of family Rhizobiaceae,Rhizobium aggregatum DSM 1111,Major Bio,2738541329,Rhizobium,Rhizobium aggregatum,0,SOAP denovo v2.04,0,0,,4813061,4645,1
2739367697,Bacteria,Draft,The evolution of family Rhizobiaceae,Rhizobium borbori LMG 23925,Major Bio,2739367697,Rhizobium,Rhizobium borbori,0,SOAP denovo v2.04,0,0,,4763980,4603,0
2617271278,Bacteria,Draft,Rhizobium sp. YS-1r Genome sequencing,Rhizobium sp. YS-1r,Oklahoma State University,2617271278,Rhizobium,Rhizobium sp. YS-1r,0,,0,0,PRJNA257547,6385152,6114,1
2510065076,Bacteria,Finished,"Analysis of the clover, pea/bean and lupin microsymbiont genetic pool by studying isolates from distinct Vavilov centres of diversity",Rhizobium leguminosarum bv. trifolii CB782,DOE Joint Genome Institute (JGI),2510065076,Rhizobium,Rhizobium leguminosarum,403027,ALLPATHS v. R37654,67103,0,PRJNA67103,6703653,6559,3
2600255279,Bacteria,Draft,Comparative genomics of bacterial root endophytes of switchgrass collected from native prairies over two seasons,Rhizobium sp. NFIX01,DOE Joint Genome Institute (JGI),2600255279,Rhizobium,Rhizobium sp. NFIX01,1049736,ALLPATHS v. r46652,0,0,PRJNA265273,5605316,5335,3
2515154114,Bacteria,Permanent Draft,GEBA - Root Nodulating Bacteria,Rhizobium leguminosarum bv. viciae Vh3,DOE Joint Genome Institute (JGI),2515154114,Rhizobium,Rhizobium leguminosarum,404581,"Velvet v. 1.1.04, ALLPATHS v. R41043",0,0,PRJNA169726,7848616,7647,0
2721755819,Bacteria,Draft,Genome sequencing of Rhizobium strains recovered from the roots and rhizosphere of common bean,Rhizobium phaseoli sv. phaseoli N771,"Center for Genomic Sciences, UNAM",2721755819,Rhizobium,Rhizobium phaseoli,0,SPAdes v. 3.5.0; Consed23,0,0,PRJNA293118,6906405,6717,3
2791355253,Bacteria,Draft,Rhizobium rhizosphaerae RD15 genome sequencing,Rhizobium rhizosphaerae RD15,Chinese Academy of Agricultural Sciences,2791355253,Rhizobium,Rhizobium rhizosphaerae,0,SOAPdenovo v. 10-2016,0,0,PRJNA357196,5171699,4564,1
2784132094,Bacteria,Draft,Rhizobium sp. NAU-18,Rhizobium sp. NAU-18,Nanjing Agricultural University,2784132094,Rhizobium,unclassified,0,Denovo v. 3.2,0,0,,6966499,6668,1
2643221688,Bacteria,Draft,Genome sequencing of Arabidopsis leaf and root microbiota representing the majority of bacterial species in their natural communities,Rhizobium sp. Root482,Max Planck Institute for Plant Breeding Research,2643221688,Rhizobium,Rhizobium sp. Root482,0,A5 v. 20140605,0,0,PRJNA297942,5260751,5078,1
640427137,Bacteria,Finished,"Rhizobium etli CFN 42, DSM 11541","Rhizobium etli CFN 42, DSM 11541",National Autonomous University of Mexico,640427137,Rhizobium,Rhizobium etli,0,Phred-Phrap-Consed,13932,58377,PRJNA13932,6530228,6117,3
2643221442,Bacteria,Draft,Nitrogen-fixing endophytic and rhizobial strains from Switchgrass and Tobacco plants,Rhizobium etli R22G,DOE Joint Genome Institute (JGI),2643221442,Rhizobium,Rhizobium etli,1051371,ALLPATHS v. r46652,0,0,PRJNA330443,6618928,6471,2
2528768106,Bacteria,Permanent Draft,Rhizosphere Grand Challenge Single Cell Sequencing,Rhizobium sp. JGI 0001009-A16 (unscreened),DOE Joint Genome Institute (JGI),2528768106,Rhizobium,Rhizobium sp. JGI 0001009-A16,407935,"Velvet v. 1.1.04, ALLPATHS v. R41043",0,0,PRJNA169699,4046905,4154,1
2738541322,Bacteria,Draft,The evolution of family Rhizobiaceae,Rhizobium flavum CCTCC AB 2013042,Major Bio,2738541322,Rhizobium,Rhizobium flavum,0,SOAP denovo v2.04,0,0,,4642242,4596,1
2791355254,Bacteria,Draft,Rhizobium oryziradicis N19 genome sequencing,Rhizobium oryziradicis N19,Chinese Academy of Agricultural Sciences,2791355254,Rhizobium,Rhizobium oryziradicis,0,SOAPdenovo v. 2.04,0,0,PRJNA344576,5152257,4783,1
2740891857,Bacteria,Draft,"Genomic Encyclopedia of Archaeal and Bacterial Type Strains, Phase II (KMG-II): from individual species to whole genera",Rhizobium subbaroanis JC85,DOE Joint Genome Institute (JGI),2740891857,Rhizobium,Rhizobium subbaraonis,1068773,spades v. 3.10.1,0,0,PRJNA346245,6576489,6358,1
2740891995,Bacteria,Finished,Draft genome sequence of Rhizobium favelukesii LPU83,Rhizobium favelukesii LPU83,Bielefeld University,2740891995,Rhizobium,Rhizobium favelukesii,0,Unknown,0,0,PRJEB4920,7569648,7785,3
2791355267,Bacteria,Draft,Genome Sequencing of common bean microsymbionts,Rhizobium sp. L18,Northwest A&F University,2791355267,Rhizobium,Rhizobium sp. L18,0,SOAPdenovo v. Jan-2015,0,0,PRJNA403813,7222458,6970,1
2643221693,Bacteria,Draft,Genome sequencing of Arabidopsis leaf and root microbiota representing the majority of bacterial species in their natural communities,Rhizobium sp. Root491,Max Planck Institute for Plant Breeding Research,2643221693,Rhizobium,Rhizobium sp. Root491,0,A5 v. 20140605,0,0,PRJNA297942,5513853,5299,1
2528768104,Bacteria,Permanent Draft,Rhizosphere Grand Challenge Single Cell Sequencing,Rhizobium sp. JGI 0001005-K05 (contamination screened),DOE Joint Genome Institute (JGI),2528768104,Rhizobium,Rhizobium sp. JGI 0001005-K05,407934,"Velvet v. 1.1.04, ALLPATHS v. R37654",0,0,PRJNA169805,2843210,2950,2
642979301,Bacteria,Permanent Draft,Nitrogen-fixing symbiotic bacteria,Rhizobium etli IE4771,National Autonomous University of Mexico,642979301,Rhizobium,Rhizobium etli,0,,29563,55143,PRJNA29563,3989019,5761,3
2585427595,Bacteria,Permanent Draft,"Populus root and rhizosphere microbial communities from Tennessee, USA",Rhizobium tropici PTD1,DOE Joint Genome Institute (JGI),2585427595,Rhizobium,Rhizobium tropici,1035738,vpAllpaths v. r46652,0,0,PRJNA247570,8054993,7710,2
2585427975,Bacteria,Permanent Draft,Rhizobium marinum MGL06 Genome sequencing,Rhizobium marinum MGL06,"Third Institute of Oceanography, State Oceanic Administration",2585427975,Rhizobium,Rhizobium marinum,0,,0,0,PRJNA246118,5061979,4965,1
2718218365,Bacteria,Draft,Genome sequencing of Rhizobium strains recovered from the roots and rhizosphere of common bean,Rhizobium sp. N731,"Center for Genomic Sciences, UNAM",2718218365,Rhizobium,Rhizobium sp. N731,0,SMAdes v. 3.5.0; Consed23,0,0,PRJNA293118,6274507,6049,3
2517287029,Bacteria,Permanent Draft,GEBA - Root Nodulating Bacteria,Rhizobium leguminosarum bv. trifolii SRDI565,DOE Joint Genome Institute (JGI),2517287029,Rhizobium,Rhizobium leguminosarum,404035,"ALLPATHS v. R39750, Velvet v. 1.0.15, Phrap v. 4.24",0,0,PRJNA81743,6905599,6836,3
2775507266,Bacteria,Finished,Rhizobium tropici PRF 81,Rhizobium tropici PRF 81,EMBRAPA,2775507266,Rhizobium,Rhizobium freirei,0,,0,0,PRJNA13459,7392367,7028,3
2599185236,Bacteria,Draft,Comparative genomics of bacterial root endophytes of switchgrass collected from native prairies over two seasons,Rhizobium sp. NFR07,DOE Joint Genome Institute (JGI),2599185236,Rhizobium,Rhizobium sp. NFR07,1049619,ALLPATHS v. r46652,0,0,PRJNA265329,6875203,6661,3
2791355266,Bacteria,Draft,Genome Sequencing of common bean microsymbionts,Rhizobium sp. L43,Northwest A&F University,2791355266,Rhizobium,Rhizobium sp. L43,0,SOAPdenovo v. Jan-2015,0,0,PRJNA403813,7116587,6833,1
2582581299,Bacteria,Permanent Draft,"Populus root and rhizosphere microbial communities from Tennessee, USA",Rhizobium leguminosarum OV483,DOE Joint Genome Institute (JGI),2582581299,Rhizobium,Rhizobium leguminosarum,1035702,vpAllpaths v. r46652,0,0,PRJNA247566,6518058,6459,1
2738541342,Bacteria,Draft,The evolution of family Rhizobiaceae,Rhizobium helianthi CGMCC 1.12192,Major Bio,2738541342,Rhizobium,Rhizobium helianthi,0,SOAP denovo v2.04,0,0,,4189480,3953,0
2615840626,Bacteria,Draft,"Genomic Encyclopedia of Type Strains, Phase III (KMG-III): the genomes of soil and plant-associated and newly described type strains",Rhizobium lusitanum P1-7,DOE Joint Genome Institute (JGI),2615840626,Rhizobium,Rhizobium lusitanum,1052908,ALLPATHS v. r46652,0,0,PRJNA303277,7921970,7659,1
2643221582,Bacteria,Draft,Genome sequencing of Arabidopsis leaf and root microbiota representing the majority of bacterial species in their natural communities,Rhizobium sp. Root651,Max Planck Institute for Plant Breeding Research,2643221582,Rhizobium,Rhizobium sp. Root651,0,A5 v. 20140605,0,0,PRJNA297942,5804683,5646,1
2507525018,Bacteria,Permanent Draft,"Analysis of the clover, pea/bean and lupin microsymbiont genetic pool by studying isolates from distinct Vavilov centres of diversity",Rhizobium leguminosarum bv. trifolii CC283b,DOE Joint Genome Institute (JGI),2507525018,Rhizobium,Rhizobium leguminosarum,403010,Unknown program v. before 2011-09-12,65503,0,PRJNA65503,7923462,7731,4
2738541313,Bacteria,Draft,The evolution of family Rhizobiaceae,Rhizobium sullae DSM 14623,Major Bio,2738541313,Rhizobium,Rhizobium sullae,0,SOAP denovo v2.04,0,0,,7822893,7917,1
2643221686,Bacteria,Draft,Genome sequencing of Arabidopsis leaf and root microbiota representing the majority of bacterial species in their natural communities,Rhizobium sp. Root1334,Max Planck Institute for Plant Breeding Research,2643221686,Rhizobium,Rhizobium sp. Root1334,0,A5 v. 20140604,0,0,PRJNA297942,6310811,6061,1
2645728185,Bacteria,Draft,Above-ground endophytic microbial communities from plants in different locations in the United States,Rhizobium sp. JGI PFNR15_K19 (contamination screened),DOE Joint Genome Institute (JGI),2645728185,Rhizobium,Rhizobium sp.,1086722,spades v. 3.6.0,0,0,PRJNA311454,467064,511,0
2636415851,Bacteria,Draft,Rhizobium sp. NT-26 Genome sequencing,Rhizobium sp. NT-26,CEA Genoscope,2636415851,Rhizobium,Rhizobium sp. NT-26,0,,0,0,PRJEB4806,4577425,4524,3
2724679232,Bacteria,Draft,Genome sequencing and assembly of Vavilovia formosa symbionts,Rhizobium leguminosarum Vaf12,All-Russia Research Institute for Agricultural Microbiology,2724679232,Rhizobium,Rhizobium leguminosarum,0,CLC NGS Cell v. 7.5.1,0,0,PRJNA316801,7646494,7469,1
2643221896,Bacteria,Draft,Genome sequencing of Arabidopsis leaf and root microbiota representing the majority of bacterial species in their natural communities,Rhizobium sp. Leaf321,Max Planck Institute for Plant Breeding Research,2643221896,Rhizobium,Rhizobium sp. Leaf321,0,A5 v. 20140605,0,0,PRJNA297956,4922079,4750,1
2728369397,Bacteria,Draft,Genome sequencing of Rhizobium strains recovered from the roots and rhizosphere of common bean,Rhizobium sp. N1314,"Center for Genomic Sciences, UNAM",2728369397,Rhizobium,Rhizobium sp. N1314,0,SPAdes v. 3.5.0; Consed23,0,0,PRJNA293118,6274511,6047,3
2718218232,Bacteria,Draft,Genome sequencing of Rhizobium strains recovered from the roots and rhizosphere of common bean,Rhizobium phaseoli sv. phaseoli N161,"Center for Genomic Sciences, UNAM",2718218232,Rhizobium,Rhizobium phaseoli,0,SPAdes v. 3.5.0; Consed23,0,0,PRJNA293118,6720332,6490,3
2508501100,Bacteria,Permanent Draft,"Analysis of the clover, pea/bean and lupin microsymbiont genetic pool by studying isolates from distinct Vavilov centres of diversity",Rhizobium leguminosarum bv. trifolii WSM2297,DOE Joint Genome Institute (JGI),2508501100,Rhizobium,Rhizobium leguminosarum,403015,ALLPATHS v. R37654,62551,0,PRJNA62551,7999455,7827,1
2643221636,Bacteria,Draft,Genome sequencing of Arabidopsis leaf and root microbiota representing the majority of bacterial species in their natural communities,Rhizobium sp. Root1204,Max Planck Institute for Plant Breeding Research,2643221636,Rhizobium,Rhizobium sp. Root1204,0,A5 v. 20140604,0,0,PRJNA297942,6583769,6467,1
2718217882,Bacteria,Draft,Genome sequencing of Rhizobium strains recovered from the roots and rhizosphere of common bean,Rhizobium sp. N741,"Center for Genomic Sciences, UNAM",2718217882,Rhizobium,Rhizobium sp. N741,0,SMAdes v. 3.5.0; Consed23,0,0,PRJNA293118,6556348,6346,3
2738541293,Bacteria,Draft,"Populus root and rhizosphere microbial communities from Tennessee, USA",Rhizobium sp. GV031,DOE Joint Genome Institute (JGI),2738541293,Rhizobium,Rhizobium sp. GV031,1147064,spades v. 3.9.0,0,0,PRJNA443384,7065685,6987,3
2718218009,Bacteria,Draft,Genome sequencing of Rhizobium strains recovered from the roots and rhizosphere of common bean,Rhizobium sp. N561,"Center for Genomic Sciences, UNAM",2718218009,Rhizobium,Rhizobium sp. N561,0,SPAdes v. 3.5.0; Consed23,0,0,PRJNA293118,6478651,6276,3
2744054783,Bacteria,Draft,Rhizobium sp. GHKF11 genome sequencing,Rhizobium sp. GHKF11,University of Houston,2744054783,Rhizobium,Rhizobium sp. GHKF11,0,SPAdes v. 3.7,0,0,PRJNA312606,5273974,5024,1
2513237159,Bacteria,Permanent Draft,GEBA - Root Nodulating Bacteria,Rhizobium giardinii bv. giardinii H152,DOE Joint Genome Institute (JGI),2513237159,Rhizobium,Rhizobium giardinii,404585,ALLPATHS v. R37654,0,0,PRJNA165331,6810126,6691,1
2740891862,Bacteria,Draft,"Genomic Encyclopedia of Type Strains, Phase IV (KMG-V): Genome sequencing to study the core and pangenomes of soil and plant-associated prokaryotes",Rhizobium sp. PP-CC-3G-465,DOE Joint Genome Institute (JGI),2740891862,Rhizobium,Rhizobium sp. PP-CC-3G-465,1145666,spades v. 3.10.1,0,0,PRJNA443272,5749214,5427,1
2648501703,Bacteria,Draft,Rhizobium acidisoli FH23,Rhizobium acidisoli FH23,Laboratory of Microbial Ecology of the Escuela Nacional de Ciencias Biologicas,2648501703,Rhizobium,Rhizobium acidisoli,0,SOAPdenovo v. 2.01,0,0,PRJNA295402,7344454,7111,1
2738541321,Bacteria,Draft,The evolution of family Rhizobiaceae,Rhizobium smilacinae CCTCC AB 2013016,Major Bio,2738541321,Rhizobium,Rhizobium smilacinae,0,SOAP denovo v2.04,0,0,,6005621,5775,1
2791355259,Bacteria,Draft,Genome Sequencing of common bean microsymbionts,Rhizobium hidalgonense FH14,Northwest A&F University,2791355259,Rhizobium,Rhizobium hidalgonense,0,SOAPdenovo v. Jan-2015,0,0,PRJNA403813,7254731,7079,1
2600255308,Bacteria,Draft,Comparative genomics of bacterial root endophytes of switchgrass collected from native prairies over two seasons,Rhizobium sp. NFIX02,DOE Joint Genome Institute (JGI),2600255308,Rhizobium,Rhizobium sp. NFIX02,1049739,ALLPATHS v. r46652,0,0,PRJNA265271,5611129,5332,1
2643221568,Bacteria,Draft,Genome sequencing of Arabidopsis leaf and root microbiota representing the majority of bacterial species in their natural communities,Rhizobium sp. Root564,Max Planck Institute for Plant Breeding Research,2643221568,Rhizobium,Rhizobium sp. Root564,0,A5 v. 20140605,0,0,PRJNA297942,5187270,4908,1
2711768133,Bacteria,Draft,Rhizobium nepotum 39/7 Genome sequencing,Rhizobium nepotum 39/7,University of Belgrade,2711768133,Rhizobium,Rhizobium nepotum,0,De novo assembly with CLC Genomics,0,0,PRJNA270495,5325139,5068,1
2528768103,Bacteria,Permanent Draft,Rhizosphere Grand Challenge Single Cell Sequencing,Rhizobium sp. JGI 0001005-H05 (contamination screened),DOE Joint Genome Institute (JGI),2528768103,Rhizobium,Rhizobium sp. JGI 0001005-H05,407933,"Velvet v. 1.1.04, ALLPATHS v. R37654",0,0,PRJNA169807,1441260,1504,1
2585427590,Bacteria,Permanent Draft,"Populus root and rhizosphere microbial communities from Tennessee, USA",Rhizobium sp. CF048,DOE Joint Genome Institute (JGI),2585427590,Rhizobium,Rhizobium sp. CF048,1035669,vpAllpaths v. r46652,0,0,PRJNA247543,6824633,6702,1
2515154113,Bacteria,Permanent Draft,GEBA - Root Nodulating Bacteria,Rhizobium leguminosarum bv. viciae Vc2,DOE Joint Genome Institute (JGI),2515154113,Rhizobium,Rhizobium leguminosarum,404580,"Velvet v. 1.1.04, ALLPATHS v. R41043",0,0,PRJNA169724,7807172,7602,1
2767802479,Bacteria,Draft,Genome sequencing of rice bacterial endophytes,Rhizobium sp. AG855,DOE Joint Genome Institute (JGI),2767802479,Rhizobium,Rhizobium sp. AG855,0,spades v. 3.10.1,0,0,PRJNA463038,4930699,4781,1
2516653077,Bacteria,Permanent Draft,GEBA - Root Nodulating Bacteria,Rhizobium leguminosarum bv. viciae WSM1481,DOE Joint Genome Institute (JGI),2516653077,Rhizobium,Rhizobium leguminosarum,404038,"Velvet v. 1.1.05, ALLPATHS v. R39750, Phrap v. 4.24",0,0,PRJNA84327,7555578,7464,3
2657245264,Bacteria,Draft,Above-ground endophytic microbial communities from plants in different locations in the United States,Rhizobium sp. JGI PFNR15_M10 (unscreened),DOE Joint Genome Institute (JGI),2657245264,Rhizobium,Rhizobium sp.,1086721,spades v. 3.6.0,0,0,PRJNA319696,171324,202,1
2534681796,Bacteria,Permanent Draft,Rhizobium grahamii CCGE 502,Rhizobium grahamii CCGE 502,National Autonomous University of Mexico,2534681796,Rhizobium,Rhizobium grahamii,0,Newbler v. 2.5.3; Velvet v. 1.1.06,0,0,PRJNA63215,7146037,6898,2
2765235943,Bacteria,Draft,Genome sequencing of Rhizobium sp. 10195,Rhizobium sp. 11515TR,University of Alberta,2765235943,Rhizobium,Rhizobium sp. 11515TR,0,Celera Assembler v. MAY-2016,0,0,PRJNA399130,7070317,6803,3
2775507049,Bacteria,Draft,Rhizobium sp. ACO-34A genome sequencing,Rhizobium sp. ACO-34A,Allegheny-Singer Research Institute,2775507049,Rhizobium,Rhizobium sp. ACO-34A,0,RS_HGAP_Assembly.3 v. SMRT portal 2.3.0,0,0,PRJNA384228,6284736,5972,4
2775507240,Bacteria,Finished,Nitrogen-fixing symbiotic bacteria,Rhizobium sp. Kim5,National Autonomous University of Mexico,2775507240,Rhizobium,Rhizobium sp. Kim5,0,,0,0,PRJNA29555,6817255,6627,3
2643221934,Bacteria,Draft,Genome sequencing of Arabidopsis leaf and root microbiota representing the majority of bacterial species in their natural communities,Rhizobium sp. Leaf384,Max Planck Institute for Plant Breeding Research,2643221934,Rhizobium,Rhizobium sp. Leaf384,0,A5 v. 20140605,0,0,PRJNA297956,4881596,4479,1
2609460209,Bacteria,Draft,Rhizobia strains isolated from common bean seeds,Rhizobium leguminosarum bv. phaseoli CCGM1,National Autonomous University of Mexico,2609460209,Rhizobium,Rhizobium leguminosarum,0,,0,0,PRJNA222534,6871922,6711,3
2615840609,Bacteria,Draft,"Genomic Encyclopedia of Type Strains, Phase III (KMG-III): the genomes of soil and plant-associated and newly described type strains",Rhizobium hainanense CCBAU 57015,DOE Joint Genome Institute (JGI),2615840609,Rhizobium,Rhizobium hainanense,1052905,ALLPATHS v. r46652,0,0,PRJNA303278,7252624,6833,1
2509276044,Bacteria,Permanent Draft,"Analysis of the clover, pea/bean and lupin microsymbiont genetic pool by studying isolates from distinct Vavilov centres of diversity",Rhizobium leguminosarum bv. viciae WSM1455,DOE Joint Genome Institute (JGI),2509276044,Rhizobium,Rhizobium leguminosarum,403018,ALLPATHS v. R37654,63183,0,PRJNA63183,7557514,7494,2
2738541341,Bacteria,Draft,The evolution of family Rhizobiaceae,Rhizobium pakistanense CCBAU 101086,Major Bio,2738541341,Rhizobium,Rhizobium pakistanense,0,SOAP denovo v2.04,0,0,,5542767,5545,0
2585427530,Bacteria,Permanent Draft,"Populus root and rhizosphere microbial communities from Tennessee, USA",Rhizobium tropici YR635,DOE Joint Genome Institute (JGI),2585427530,Rhizobium,Rhizobium tropici,1035684,vpAllpaths v. r46652,0,0,PRJNA247580,7383882,6987,1
2738541314,Bacteria,Draft,The evolution of family Rhizobiaceae,Rhizobium daejeonense DSM 17795,Major Bio,2738541314,Rhizobium,Rhizobium daejeonense,0,SOAP denovo v2.04,0,0,,5107496,4900,1
2582581307,Bacteria,Permanent Draft,"Populus root and rhizosphere microbial communities from Tennessee, USA",Rhizobium sp. YR060,DOE Joint Genome Institute (JGI),2582581307,Rhizobium,Rhizobium sp. YR060,1035660,vpAllpaths v. r46652,0,0,PRJNA247567,6597605,6280,1
2751185907,Bacteria,Draft,Rhizobium sp. NXC14 genome sequencing,Rhizobium sp. NXC14,"Center for Genomic Sciences, UNAM",2751185907,Rhizobium,Rhizobium sp. NXC14,0,Newbler v. 2.5.3; Velvet v. 1.2.10;Consed v. 23,0,0,PRJNA383589,6686318,6506,3
2643221437,Bacteria,Permanent Draft,Rhizosphere Grand Challenge Single Cell Sequencing,Combined assembly of Rhizobium endophytes JGI 0001062 (unscreened),DOE Joint Genome Institute (JGI),2643221437,Rhizobium,Rhizobium sp. JGI 0001011-C22,1007653,spades v. 3.0.0,0,0,PRJNA176048,5694881,5943,4
2740891851,Bacteria,Draft,"Genomic Encyclopedia of Type Strains, Phase IV (KMG-V): Genome sequencing to study the core and pangenomes of soil and plant-associated prokaryotes",Rhizobium sp. PP-F2F-G38,DOE Joint Genome Institute (JGI),2740891851,Rhizobium,Rhizobium sp. PP-F2F-G38,1145662,spades v. 3.10.1,0,0,PRJNA443274,5628140,5285,1
2738541316,Bacteria,Draft,The evolution of family Rhizobiaceae,Rhizobium pseudoryzae DSM 19479,Major Bio,2738541316,Rhizobium,Rhizobium pseudoryzae,0,SOAP denovo v2.04,0,0,,7948293,7500,2
2739367693,Bacteria,Draft,The evolution of family Rhizobiaceae,Rhizobium herbae LMG 25718,Major Bio,2739367693,Rhizobium,Rhizobium herbae,0,SOAP denovo v2.04,0,0,,6116837,5815,1
2510065092,Bacteria,Permanent Draft,Rhizosphere Grand Challenge Isolate Sequencing,Rhizobium sp. IBUN,DOE Joint Genome Institute (JGI),2510065092,Rhizobium,Rhizobium sp. IBUN,404755,ALLPATHS v. R37654,80361,0,PRJNA80361,6515922,6473,1
2643221637,Bacteria,Draft,Genome sequencing of Arabidopsis leaf and root microbiota representing the majority of bacterial species in their natural communities,Rhizobium sp. Root1212,Max Planck Institute for Plant Breeding Research,2643221637,Rhizobium,Rhizobium sp. Root1212,0,A5 v. 20140604,0,0,PRJNA297942,5345260,5092,1
2509276033,Bacteria,Permanent Draft,"Analysis of the clover, pea/bean and lupin microsymbiont genetic pool by studying isolates from distinct Vavilov centres of diversity",Rhizobium leguminosarum bv. trifolii WSM2012,DOE Joint Genome Institute (JGI),2509276033,Rhizobium,Rhizobium leguminosarum,403016,"Velvet v. 1.013, Newbler v. 2.3, Phrap v. 4.24",65301,0,PRJNA65301,7180565,7166,3
2534682333,Bacteria,Permanent Draft,Rhizobium mesoamericanum STM3625,Rhizobium mesoamericanum STM3625,CEA Genoscope,2534682333,Rhizobium,Rhizobium mesoamericanum,0,,0,0,PRJEB128,6453427,6423,1
2517572096,Bacteria,Permanent Draft,Rhizosphere Grand Challenge Isolate Sequencing,Rhizobium sp. 42MFCr.1,DOE Joint Genome Institute (JGI),2517572096,Rhizobium,Rhizobium sp. 42MFCr.1,404753,"Velvet v. 1.1.04, ALLPATHS v. R37654",0,0,PRJNA176445,6207487,6190,1
2528768114,Bacteria,Draft,Rhizosphere Grand Challenge Single Cell Sequencing,Rhizobium sp. JGI 0001014-D18 (unscreened),DOE Joint Genome Institute (JGI),2528768114,Rhizobium,Rhizobium sp. JGI 0001014-D18,407928,,0,0,PRJNA169701,972166,977,0
2718218499,Bacteria,Draft,Rhizobium etli 8C-3 genome sequencing,Rhizobium etli 8C-3,"Center for Genomic Sciences, UNAM",2718218499,Rhizobium,Rhizobium etli,0,Velvet v. 1.1.06; Sspace-Basic v. 2.0;Consed v. 23,0,0,PRJNA293876,7309118,7131,3
2513237138,Bacteria,Permanent Draft,GEBA - Root Nodulating Bacteria,Rhizobium favelukesii OR191,DOE Joint Genome Institute (JGI),2513237138,Rhizobium,Rhizobium favelukesii,404591,ALLPATHS v. R37654,0,0,PRJNA165297,7368160,7704,1
642555152,Bacteria,Finished,Nitrogen-fixing symbiotic bacteria,Rhizobium etli CIAT 652,National Autonomous University of Mexico,642555152,Rhizobium,Rhizobium etli,0,,28021,59115,PRJNA28021,6448048,6132,3
2643221432,Bacteria,Permanent Draft,Rhizosphere Grand Challenge Single Cell Sequencing,Combined assembly of Rhizobium endophytes JGI 0001066 (unscreened),DOE Joint Genome Institute (JGI),2643221432,Rhizobium,Rhizobium sp. JGI 0001012-L22,1005267,spades v. 3.0.0,0,0,PRJNA175202,3398541,3537,3
2740891823,Bacteria,Draft,"Genomic Encyclopedia of Type Strains, Phase IV (KMG-V): Genome sequencing to study the core and pangenomes of soil and plant-associated prokaryotes",Rhizobium sp. PP-WC-2G-219,DOE Joint Genome Institute (JGI),2740891823,Rhizobium,Rhizobium sp. PP-WC-2G-219,1145659,spades v. 3.10.1,0,0,PRJNA443277,4713258,4455,1
2791355252,Bacteria,Draft,Rhizobium sp. NXC24 genome sequencing,Rhizobium sp. NXC24,"Center for Genomic Sciences, UNAM",2791355252,Rhizobium,Rhizobium sp. NXC24,0,Newbler v. 2.5.3; Velvet v. 1.2.10;Consed v. 23,0,0,PRJNA415482,7302537,7010,3
2585427593,Bacteria,Permanent Draft,"Populus root and rhizosphere microbial communities from Tennessee, USA",Rhizobium tropici CF286,DOE Joint Genome Institute (JGI),2585427593,Rhizobium,Rhizobium tropici,1035678,vpAllpaths v. r46652,0,0,PRJNA247549,7141551,6824,1
2657245266,Bacteria,Draft,Above-ground endophytic microbial communities from plants in different locations in the United States,Rhizobium sp. JGI PFNR15_M14 (unscreened),DOE Joint Genome Institute (JGI),2657245266,Rhizobium,Rhizobium sp.,1086724,spades v. 3.6.0,0,0,PRJNA319697,691735,770,1
2738541325,Bacteria,Draft,The evolution of family Rhizobiaceae,Rhizobium paknamense DSM 100301,Major Bio,2738541325,Rhizobium,Rhizobium pakistanense,0,SOAP denovo v2.04,0,0,,5308655,4799,1
2738541312,Bacteria,Draft,The evolution of family Rhizobiaceae,Rhizobium pisi DSM 30132,Major Bio,2738541312,Rhizobium,Rhizobium pisi,0,SOAP denovo v2.04,0,0,,6935653,6780,1
2643221433,Bacteria,Permanent Draft,Rhizosphere Grand Challenge Single Cell Sequencing,Combined assembly of Rhizobium endophytes JGI 0001066,DOE Joint Genome Institute (JGI),2643221433,Rhizobium,Rhizobium sp. JGI 0001012-L22,1005267,spades v. 3.0.0,0,0,PRJNA175202,2681673,2758,2
2718218363,Bacteria,Draft,Genome sequencing of Rhizobium strains recovered from the roots and rhizosphere of common bean,Rhizobium sp. N113,"Center for Genomic Sciences, UNAM",2718218363,Rhizobium,Rhizobium sp. N113,0,SPAdes v. 3.5.0; Consed23,0,0,PRJNA293118,6524337,6256,3
2643221634,Bacteria,Draft,Genome sequencing of Arabidopsis leaf and root microbiota representing the majority of bacterial species in their natural communities,Rhizobium sp. Root1203,Max Planck Institute for Plant Breeding Research,2643221634,Rhizobium,Rhizobium sp. Root1203,0,A5 v. 20140604,0,0,PRJNA297942,6705461,6652,1
2519899620,Bacteria,Permanent Draft,Rhizobium sp. Pop5,Rhizobium sp. Pop5,Allegheny-Singer Research Institute,2519899620,Rhizobium,Rhizobium sp. Pop5,0,Newbler v. 2.3,0,0,PRJNA172900,6499161,7071,1
2515075009,Bacteria,Permanent Draft,GEBA - Root Nodulating Bacteria,Rhizobium leguminosarum bv. viciae 248,DOE Joint Genome Institute (JGI),2515075009,Rhizobium,Rhizobium leguminosarum,404036,Unknown program v. before 2012-04-06,0,0,PRJNA81757,7288508,7179,3
2510065019,Bacteria,Finished,"Analysis of the clover, pea/bean and lupin microsymbiont genetic pool by studying isolates from distinct Vavilov centres of diversity",Rhizobium leguminosarum bv. trifolii WSM1689,DOE Joint Genome Institute (JGI),2510065019,Rhizobium,Rhizobium leguminosarum,403011,"VELVET, version 1.1.05; Newbler, version 2.6; phrap, version SPS - 4.24",62289,0,PRJNA62289,6903379,6797,3
2524023209,Bacteria,Permanent Draft,GEBA - Root Nodulating Bacteria,Rhizobium leucaenae USDA 9039,DOE Joint Genome Institute (JGI),2524023209,Rhizobium,Rhizobium leucaenae,1011184,Unknown program v. before 2013-04-15,0,0,PRJNA195751,6679728,6564,1
2509276052,Bacteria,Permanent Draft,"Analysis of the clover, pea/bean and lupin microsymbiont genetic pool by studying isolates from distinct Vavilov centres of diversity",Rhizobium leguminosarum bv. trifolii CC278f,DOE Joint Genome Institute (JGI),2509276052,Rhizobium,Rhizobium leguminosarum,403013,Unknown program v. before 2011-09-07,63643,0,PRJNA63643,8729608,8665,2
2510917022,Bacteria,Permanent Draft,Plant-Microbe Interfaces,Rhizobium sp. AP16,Oak Ridge National Laboratory,2510917022,Rhizobium,Rhizobium sp. AP16,0,Velvet,0,0,PRJNA83035,6504556,6205,1
2643221483,Bacteria,Draft,Plant associated metagenomes--Microbial community diversity and host control of community assembly across model and emerging plant ecological genomics systems.,Rhizobium sp. 28MFCol1.1,"University of North Carolina, Chapel Hill",2643221483,Rhizobium,unclassified,0,Spades 3.6.2,0,0,,7295380,7049,1
2721755684,Bacteria,Draft,Genome sequencing of Rhizobium strains recovered from the roots and rhizosphere of common bean,Rhizobium phaseoli sv. phaseoli N841,"Center for Genomic Sciences, UNAM",2721755684,Rhizobium,Rhizobium phaseoli,0,SPAdes v. 3.5.0; Consed23,0,0,PRJNA293118,6859907,6680,3
2648501219,Bacteria,Draft,Evolution of Photosynthesis Gene Clusters,Rhizobium sp. AAP43,"Institute of Microbiology of the ASCR, v. v. i.",2648501219,Rhizobium,Rhizobium sp. AAP43,0,Velvet v. 1.2.10,0,0,PRJNA255553,4874507,4640,1
2643221719,Bacteria,Draft,Genome sequencing of Arabidopsis leaf and root microbiota representing the majority of bacterial species in their natural communities,Rhizobium sp. Root274,Max Planck Institute for Plant Breeding Research,2643221719,Rhizobium,Rhizobium sp. Root274,0,A5 v. 20140604,0,0,PRJNA297942,4568197,4476,1
2740891850,Bacteria,Draft,"Genomic Encyclopedia of Type Strains, Phase IV (KMG-V): Genome sequencing to study the core and pangenomes of soil and plant-associated prokaryotes",Rhizobium sp. PP-F2F-G36,DOE Joint Genome Institute (JGI),2740891850,Rhizobium,Rhizobium sp. PP-F2F-G36,1145664,spades v. 3.10.1,0,0,PRJNA443273,5868124,5512,1
2548876814,Bacteria,Finished,Rhizobium phaseoli Ch24-10,Rhizobium phaseoli Ch24-10,National Autonomous University of Mexico,2548876814,Rhizobium,Rhizobium phaseoli,0,Newbler v. 2.6; TAIPAN; SSAKE; Minimus2,0,0,PRJNA79359,6622294,6592,1
2739367500,Bacteria,Draft,The evolution of family Rhizobiaceae,Rhizobium sophorae CCBAU 03386,Major Bio,2739367500,Rhizobium,Rhizobium sophorae,0,SOAP denovo v2.04,0,0,,7770466,7574,1
2738541324,Bacteria,Draft,The evolution of family Rhizobiaceae,Rhizobium petrolearium DSM 26482,Major Bio,2738541324,Rhizobium,Rhizobium petrolearium,0,SOAP denovo v2.04,0,0,,6968968,6793,1
2772190763,Bacteria,Draft,Rhizobium leucaenae CPAO 29.8 Genome sequencing,Rhizobium leucaenae CPAO 29.8,Laboratorio Nacional de Computacao Cientifica,2772190763,Rhizobium,Rhizobium leucaenae,0,Newbler v. 3.0,0,0,PRJNA301008,6819948,6682,1
2791355260,Bacteria,Draft,Genome Sequencing of common bean microsymbionts,Rhizobium sp. L9,Northwest A&F University,2791355260,Rhizobium,Rhizobium sp. L9,0,SOAPdenovo v. Jan-2015,0,0,PRJNA403813,6598818,6425,1
2739367594,Bacteria,Draft,The evolution of family Rhizobiaceae,Rhizobium mesosinicum LMG 24135,Major Bio,2739367594,Rhizobium,Rhizobium mesosinicum,0,SOAP denovo v2.04,0,0,,5997729,6004,1
2648501551,Bacteria,Permanent Draft,Rhizosphere Grand Challenge Single Cell Sequencing,Combined assembly of Rhizobium endophytes JGI 0001065 (unscreened),DOE Joint Genome Institute (JGI),2648501551,Rhizobium,Rhizobium sp. JGI 0001005-L20,1014798,spades v. 3.0.0,0,0,PRJNA195734,3921676,4060,4
2721755556,Bacteria,Draft,Genome sequencing of Rhizobium strains recovered from the roots and rhizosphere of common bean,Rhizobium phaseoli sv. phaseoli N931,"Center for Genomic Sciences, UNAM",2721755556,Rhizobium,Rhizobium phaseoli,0,SPAdes v. 3.5.0; Consed23,0,0,PRJNA293118,6745503,6504,3
2643221832,Bacteria,Draft,Genome sequencing of Arabidopsis leaf and root microbiota representing the majority of bacterial species in their natural communities,Rhizobium sp. Leaf453,Max Planck Institute for Plant Breeding Research,2643221832,Rhizobium,Rhizobium sp. Leaf453,0,A5 v. 20140605,0,0,PRJNA297956,6368454,6153,1
2667528174,Bacteria,Draft,Comparative genomics of bacterial root endophytes of switchgrass collected from native prairies over two seasons,Rhizobium sp. NFR17,DOE Joint Genome Institute (JGI),2667528174,Rhizobium,Rhizobium sp. NFR17,1049649,spades v. 3.6.2,0,0,PRJNA265327,6435400,6226,1
2617270923,Bacteria,Draft,Four anaerobic lignin-degrading bacteria isolated from Puerto Rico tropical forest soils,Rhizobium sp. AN5,DOE Joint Genome Institute (JGI),2617270923,Rhizobium,Rhizobium sp. AN5,1057934,HGAP v. 2.3.0,0,0,PRJNA323194,5527901,5353,4
2791355257,Bacteria,Draft,Rhizobium rhizosphaerae MH17 genome sequencing,Rhizobium rhizosphaerae MH17,Chinese Academy of Agricultural Sciences,2791355257,Rhizobium,Rhizobium rhizosphaerae,0,SOAPdenovo v. 2.04,0,0,PRJNA344723,5533821,4924,1
2585427594,Bacteria,Permanent Draft,"Populus root and rhizosphere microbial communities from Tennessee, USA",Rhizobium sp. YR528,DOE Joint Genome Institute (JGI),2585427594,Rhizobium,Rhizobium sp. YR528,1035675,vpAllpaths v. r46652,0,0,PRJNA247573,6180594,5895,3
2740891831,Bacteria,Draft,"Genomic Encyclopedia of Type Strains, Phase IV (KMG-V): Genome sequencing to study the core and pangenomes of soil and plant-associated prokaryotes",Rhizobium sp. PP-WC-1G-195,DOE Joint Genome Institute (JGI),2740891831,Rhizobium,Rhizobium sp. PP-WC-1G-195,1145661,spades v. 3.10.1,0,0,PRJNA443276,5630695,5286,1
2582581418,Bacteria,Permanent Draft,Encyclopedia of Biosynthetic Clusters (EBiC),Rhizobium leguminosarum bv. Trifolii,,2582581418,Rhizobium,Rhizobium leguminosarum,0,,0,0,,18282,6,0
2718218366,Bacteria,Draft,Genome sequencing of Rhizobium strains recovered from the roots and rhizosphere of common bean,Rhizobium sp. N621,"Center for Genomic Sciences, UNAM",2718218366,Rhizobium,Rhizobium sp. N621,0,SPAdes v. 3.5.0; Consed23,0,0,PRJNA293118,6425255,6191,3
2738541332,Bacteria,Draft,The evolution of family Rhizobiaceae,Rhizobium taibaishanense DSM 100021,Major Bio,2738541332,Rhizobium,Rhizobium taibaishanense,0,SOAP denovo v2.04,0,0,,5401597,4925,1
2718218364,Bacteria,Draft,Rhizobium sp. S41 Genome sequencing,Rhizobium sp. S41,Nanjing Agricultural University,2718218364,Rhizobium,Rhizobium sp. S41,0,Celera Assembler v. 8.0,0,0,PRJNA327265,5524367,5507,6
2513237103,Bacteria,Permanent Draft,GEBA - Root Nodulating Bacteria,Rhizobium leguminosarum bv. viciae VF39,DOE Joint Genome Institute (JGI),2513237103,Rhizobium,Rhizobium leguminosarum,404587,ALLPATHS v. R37654,0,0,PRJNA163011,7647401,7469,1
2585427526,Bacteria,Permanent Draft,"Populus root and rhizosphere microbial communities from Tennessee, USA",Rhizobium leguminosarum OV152,DOE Joint Genome Institute (JGI),2585427526,Rhizobium,Rhizobium leguminosarum,1035699,vpAllpaths v. r46652,0,0,PRJNA247563,7258840,6979,1
2739367694,Bacteria,Draft,The evolution of family Rhizobiaceae,Rhizobium vallis LMG 25295,Major Bio,2739367694,Rhizobium,Rhizobium vallis,0,SOAP denovo v2.04,0,0,,7101442,6855,1
2510917028,Bacteria,Permanent Draft,Plant-Microbe Interfaces,Rhizobium sp. CF122,Oak Ridge National Laboratory,2510917028,Rhizobium,Rhizobium sp. CF122,0,Velvet,0,0,PRJNA83047,6185411,6156,4
2740891829,Bacteria,Draft,"Genomic Encyclopedia of Type Strains, Phase IV (KMG-V): Genome sequencing to study the core and pangenomes of soil and plant-associated prokaryotes",Rhizobium sp. PP-CC-3A-592,DOE Joint Genome Institute (JGI),2740891829,Rhizobium,Rhizobium sp. PP-CC-3A-592,1145660,spades v. 3.10.1,0,0,PRJNA443271,5123747,4807,1
2643221905,Bacteria,Draft,Genome sequencing of Arabidopsis leaf and root microbiota representing the majority of bacterial species in their natural communities,Rhizobium sp. Leaf155,Max Planck Institute for Plant Breeding Research,2643221905,Rhizobium,Rhizobium sp. Leaf155,0,A5 v. 20140604,0,0,PRJNA297956,4942144,4678,1
2599185170,Bacteria,Draft,Pac Bio to generate improved reference genome sequences for organisms with transposon mutant libraries (support for FEBA project),Rhizobium mongolense USDA 1844,DOE Joint Genome Institute (JGI),2599185170,Rhizobium,Rhizobium mongolense,1050217,HGAP v. 2.3.0,0,0,PRJNA330441,7295545,7371,3
2513237146,Bacteria,Permanent Draft,GEBA - Root Nodulating Bacteria,Rhizobium mongolense USDA 1844,DOE Joint Genome Institute (JGI),2513237146,Rhizobium,Rhizobium mongolense,404582,ALLPATHS v. R37654,0,0,PRJNA165335,7166346,7223,1
2645727734,Bacteria,Draft,Evolution of Photosynthesis Gene Clusters,Rhizobium sp. AAP116,"Institute of Microbiology of the ASCR, v. v. i.",2645727734,Rhizobium,Rhizobium sp. AAP116,0,Velvet v. 1.2.10,0,0,PRJNA255568,4578541,4415,1
2708742418,Bacteria,Draft,Aquatic microbiome from duckweeds obtained from Rutgers Duckweed Stock Cooperative (RDSC),Rhizobium sp. RU35A,DOE Joint Genome Institute (JGI),2708742418,Rhizobium,Rhizobium sp. RU35A,1115957,spades v. 3.6.2,0,0,PRJNA345752,5795876,5435,1
2643221743,Bacteria,Draft,Genome sequencing of Arabidopsis leaf and root microbiota representing the majority of bacterial species in their natural communities,Rhizobium sp. Leaf202,Max Planck Institute for Plant Breeding Research,2643221743,Rhizobium,Rhizobium sp. Leaf202,0,A5 v. 20140605,0,0,PRJNA297956,4785251,4489,1
2648501550,Bacteria,Permanent Draft,Rhizosphere Grand Challenge Single Cell Sequencing,Combined assembly of Rhizobium endophytes JGI 0001065,DOE Joint Genome Institute (JGI),2648501550,Rhizobium,Rhizobium sp. JGI 0001005-L20,407934,spades v. 3.0.0,0,0,PRJNA195734,3372462,3454,2
2515154134,Bacteria,Permanent Draft,GEBA - Root Nodulating Bacteria,Rhizobium gallicum bv. gallicum R602sp,DOE Joint Genome Institute (JGI),2515154134,Rhizobium,Rhizobium gallicum,404584,"Velvet v. 1.1.04, ALLPATHS v. R41043",0,0,PRJNA169700,7220242,6977,1
2582581306,Bacteria,Permanent Draft,"Populus root and rhizosphere microbial communities from Tennessee, USA",Rhizobium sp. YR295,DOE Joint Genome Institute (JGI),2582581306,Rhizobium,Rhizobium sp. YR295,1035723,vpAllpaths v. r46652,0,0,PRJNA247572,6450535,6148,1
2738541344,Bacteria,Draft,The evolution of family Rhizobiaceae,Rhizobium anhuiense CGMCC 1.12621,Major Bio,2738541344,Rhizobium,Rhizobium anhuiense,0,SOAP denovo v2.04,0,0,,6915610,6710,1
2643221780,Bacteria,Draft,Genome sequencing of Arabidopsis leaf and root microbiota representing the majority of bacterial species in their natural communities,Rhizobium sp. Leaf68,Max Planck Institute for Plant Breeding Research,2643221780,Rhizobium,Rhizobium sp. Leaf68,0,A5 v. 20140604,0,0,PRJNA297956,4784953,4485,1
2582581298,Bacteria,Permanent Draft,"Populus root and rhizosphere microbial communities from Tennessee, USA",Rhizobium alamii YR540,DOE Joint Genome Institute (JGI),2582581298,Rhizobium,Rhizobium alamii,1035690,vpAllpaths v. r46652,0,0,PRJNA247576,7315509,7067,1
2582581867,Bacteria,Permanent Draft,"Populus root and rhizosphere microbial communities from Tennessee, USA",Rhizobium sp. OV201,DOE Joint Genome Institute (JGI),2582581867,Rhizobium,Rhizobium sp. OV201,1035705,vpAllpaths v. r46652,0,0,PRJNA247562,7184437,7080,1
2513237085,Bacteria,Permanent Draft,GEBA - Root Nodulating Bacteria,Rhizobium leguminosarum bv. viciae UPM1137,DOE Joint Genome Institute (JGI),2513237085,Rhizobium,Rhizobium leguminosarum,404590,ALLPATHS v. R37654,0,0,PRJNA162979,7695351,7462,1
2630968344,Bacteria,Draft,Rhizobium sp. UR51a Genome sequencing,Rhizobium sp. UR51a,Federal University of Rio de Janeiro,2630968344,Rhizobium,Rhizobium sp. UR51a,0,A5 pipeline v. 20140604,0,0,PRJNA273005,5235059,5021,3
2510917030,Bacteria,Permanent Draft,Plant-Microbe Interfaces,Rhizobium sp. CF142,Oak Ridge National Laboratory,2510917030,Rhizobium,Rhizobium sp. CF142,0,Velvet,0,0,PRJNA83051,7460662,7306,1
2791355261,Bacteria,Draft,Genome Sequencing of common bean microsymbionts,Rhizobium sp. J15,Northwest A&F University,2791355261,Rhizobium,Rhizobium sp. J15,0,SOAPdenovo v. Jan-2015,0,0,PRJNA403813,6661293,6413,1
2565956559,Bacteria,Finished,Rhizobium etli bv. mimosae str. Mim1 Genome sequencing,Rhizobium etli bv. mimosae Mim1,National Autonomous University of Mexico,2565956559,Rhizobium,Rhizobium etli,0,,0,0,PRJNA200310,7197998,6945,3
2643221653,Bacteria,Draft,Genome sequencing of Arabidopsis leaf and root microbiota representing the majority of bacterial species in their natural communities,Rhizobium sp. Root1240,Max Planck Institute for Plant Breeding Research,2643221653,Rhizobium,Rhizobium sp. Root1240,0,A5 v. 20140604,0,0,PRJNA297942,4569637,4484,1
2582581866,Bacteria,Permanent Draft,"Populus root and rhizosphere microbial communities from Tennessee, USA",Rhizobium sp. CF097,DOE Joint Genome Institute (JGI),2582581866,Rhizobium,Rhizobium sp. CF097,1035714,vpAllpaths v. r46652,0,0,PRJNA247547,6859583,6628,1
2718218199,Bacteria,Draft,Genome sequencing of Rhizobium strains recovered from the roots and rhizosphere of common bean,Rhizobium phaseoli sv. phaseoli N261,"Center for Genomic Sciences, UNAM",2718218199,Rhizobium,Rhizobium phaseoli,0,SMAdes v. 3.5.0; Consed23,0,0,PRJNA293118,6740745,6488,3
2645728158,Bacteria,Draft,Above-ground endophytic microbial communities from plants in different locations in the United States,Rhizobium sp. JGI PFNR15_L4 (contamination screened),DOE Joint Genome Institute (JGI),2645728158,Rhizobium,Rhizobium sp.,1086723,spades v. 3.6.0,0,0,PRJNA311453,763793,846,0