Organism number,#Organism/Name,taxon_oid,Domain,Sequencing Status,Study Name,Genome Name / Sample Name,Sequencing Center,IMG Genome ID ,Genus,Species,IMG Submission ID,JGI Project ID / ITS SP ID,JGI Analysis Product Name,JGI Analysis Project Type,GOLD Analysis Project ID,GOLD Analysis Project Type,GOLD Sequencing Project ID,GOLD Study ID,Assembly Method,Genome Completeness %,High Quality,Is Public,NCBI Taxon ID,NCBI Project ID,RefSeq Project ID,Release Date,Strain,Biotic Relationships,Culture Type,Cultured,Ecosystem,Ecosystem Category,Ecosystem Subtype,Ecosystem Type,Ecotype,Geographic Location,GOLD Sequencing Depth,GOLD Sequencing Quality,GOLD Sequencing Strategy,Habitat,Host Gender,Host Name,Isolation,Isolation Country,Latitude,Longitude,NCBI Bioproject Accession,NCBI Biosample Accession,pH,Project / Study Name,Pubmed ID,Sequencing Method,Type Strain,Uncultured Type,Genome Size   * assembled,Gene Count   * assembled
0,Rhizobium etli strain NXC12,,,,,,,,,,,,,,,,,,,,,,,,,,,,,,,,,,,,,,,,,,,,,,,,,,,,,,,
1,Rhizobium etli 8C-3,2718218499,Bacteria,Draft,Rhizobium etli 8C-3 genome sequencing,Rhizobium etli 8C-3,"Center for Genomic Sciences, UNAM",2718218499,Rhizobium,Rhizobium etli,118560,0,,Genome Analysis,Ga0175938,Genome Analysis,Gp0205172,Gs0128632,Velvet v. 1.1.06; Sspace-Basic v. 2.0;Consed v. 23,,Yes,Yes,538025,0,0,2017-03-09,8C-3,Symbiotic,Isolate,Yes,,,,,,,,Level 6: Finished,Whole Genome Sequencing,"Host, Plant root, Root nodule",,,,,,,PRJNA293876,SAMN04017682,,Rhizobium etli 8C-3,28302777,"454, Illumina MiSeq",Unknown,,7309118,7131
2,Rhizobium etli bv. mimosae str. Mim1,2565956559,Bacteria,Finished,Rhizobium etli bv. mimosae str. Mim1 Genome sequencing,Rhizobium etli bv. mimosae Mim1,National Autonomous University of Mexico,2565956559,Rhizobium,Rhizobium etli,36477,0,,Genome Analysis,Ga0032274,Genome Analysis,Gp0042296,Gs0030632,,,Yes,Yes,1328306,0,0,2014-04-28,Mim1,,Isolate,Yes,,,,,,,,Level 6: Finished,Whole Genome Sequencing,,,,,,,,PRJNA200310,,,Rhizobium etli bv. mimosae Mim1,,,Unknown,,7197998,6945
3,Rhizobium etli bv. phaseoli str. IE4803,2630968325,Bacteria,Draft,Rhizobium etli bv. phaseoli IE4803,Rhizobium etli bv. phaseoli IE4803,National Autonomous University of Mexico,2630968325,Rhizobium,Rhizobium etli,70233,0,,Genome Analysis,Ga0069338,Genome Analysis,Gp0075297,Gs0108338,Velvet v. 1.1.06; Newbler v. 2.5.3; phred_Phrap/Consed23; Sspace_Bassic v. 2.0,,Yes,Yes,1432049,0,0,2015-09-21,IE4803,,Isolate,Yes,,,,,,,150x,Level 6: Finished,Whole Genome Sequencing,,,,,,,,PRJNA231318,SAMN02423217,,Rhizobium etli bv. phaseoli IE4803,28751391,,Unknown,,6997434,6708
4,Rhizobium etli CFN 42,640427137,Bacteria,Finished,"Rhizobium etli CFN 42, DSM 11541","Rhizobium etli CFN 42, DSM 11541",National Autonomous University of Mexico,640427137,Rhizobium,Rhizobium etli,0,0,,Genome Analysis,Ga0030093,Genome Analysis,Gp0000395,Gs0030633,Phred-Phrap-Consed,,Yes,Yes,347834,13932,58377,2007-09-01,"CFN 42, DSM 11541",Symbiotic,Isolate,Yes,Host-associated,Plants,Unclassified,Unclassified,,Guanajuato Mexico,9.1x,Level 6: Finished,Whole Genome Sequencing,"Host, Plant root, Root nodule",,Phaseolus vulgaris,"Phaseolus vulgaris, Guanajuato Mexico",Mexico,21.019266,-101.261455,PRJNA13932,SAMN02603106,,"Rhizobium etli CFN 42, DSM 11541",16505379,,Yes,,6530228,6117
5,Rhizobium etli CIAT 652,642555152,Bacteria,Finished,Nitrogen-fixing symbiotic bacteria,Rhizobium etli CIAT 652,National Autonomous University of Mexico,642555152,Rhizobium,Rhizobium etli,0,0,,Genome Analysis,Ga0030094,Genome Analysis,Gp0003237,Gs0030631,,,Yes,Yes,491916,28021,59115,2008-12-01,CIAT 652,Symbiotic,Isolate,Yes,Host-associated,Plants,Unclassified,Unclassified,,,,Level 6: Finished,Whole Genome Sequencing,"Host, Plant root, Root nodule",,Phaseolus vulgaris,Phaseolus vulgaris,,,,PRJNA28021,SAMN02603107,,Rhizobium etli CIAT 652,,,Unknown,,6448048,6132
6,Rhizobium freirei PRF 81,2775507266,Bacteria,Finished,Rhizobium tropici PRF 81,Rhizobium tropici PRF 81,EMBRAPA,2775507266,Rhizobium,Rhizobium freirei,185409,0,,Genome Analysis,Ga0248212,Genome Analysis,Gp0001812,Gs0030666,,,Yes,Yes,363754,0,0,2018-04-16,PRF 81,Symbiotic,Isolate,Yes,Host-associated,Plants,Unclassified,Rhizoplane,,"Brazil: Irati county, State of Parana",16x,Level 6: Finished,Whole Genome Sequencing,"Host, Plant root, Root nodule",,Phaseolus vulgaris,nodules from common bean,Brazil,-25.47,-50.66,PRJNA13459,SAMN02470251,,Rhizobium tropici PRF 81,23270491,454,Yes,,7392367,7028
7,Rhizobium phaseoli strain N261,2718218199,Bacteria,Draft,Genome sequencing of Rhizobium strains recovered from the roots and rhizosphere of common bean,Rhizobium phaseoli sv. phaseoli N261,"Center for Genomic Sciences, UNAM",2718218199,Rhizobium,Rhizobium phaseoli,118246,0,,Genome Analysis,Ga0176037,Genome Analysis,Gp0203518,Gs0128369,SMAdes v. 3.5.0; Consed23,,Yes,Yes,396,0,0,2017-03-09,N261,,Isolate,Yes,Host-associated,Plants,Nodule,Roots,,"Mexico: Tepoztlan, Morelos",,Level 6: Finished,Whole Genome Sequencing,,,Phaseolus vulgaris,legume-root nodule,Mexico,,,PRJNA293118,SAMN03998625,,Rhizobium phaseoli sv. phaseoli N261,,Illumina MiSeq,,,6740745,6488
8,Rhizobium phaseoli strain N831,2728369352,Bacteria,Draft,Genome sequencing of Rhizobium strains recovered from the roots and rhizosphere of common bean,Rhizobium phaseoli sv. phaseoli N831,"Center for Genomic Sciences, UNAM",2728369352,Rhizobium,Rhizobium phaseoli,124215,0,,Genome Analysis,Ga0175688,Genome Analysis,Gp0203515,Gs0128369,SPAdes v. 3.5.0; Consed23,,Yes,Yes,396,0,0,2017-04-28,N831,,Isolate,Yes,Host-associated,Plants,Nodule,Roots,,"Mexico: Tepoztlan, Morelos",,Level 6: Finished,Whole Genome Sequencing,,,Phaseolus vulgaris,legume-root nodule,Mexico,,,PRJNA293118,SAMN03998628,,Rhizobium phaseoli sv. phaseoli N831,,Illumina MiSeq,,,6745171,6505
9,Rhizobium phaseoli strain N161,2718218232,Bacteria,Draft,Genome sequencing of Rhizobium strains recovered from the roots and rhizosphere of common bean,Rhizobium phaseoli sv. phaseoli N161,"Center for Genomic Sciences, UNAM",2718218232,Rhizobium,Rhizobium phaseoli,118279,0,,Genome Analysis,Ga0175852,Genome Analysis,Gp0203519,Gs0128369,SPAdes v. 3.5.0; Consed23,,Yes,Yes,396,0,0,2017-03-09,N161,,Isolate,Yes,Host-associated,Plants,Nodule,Roots,,"Mexico: Tepoztlan, Morelos",,Level 6: Finished,Whole Genome Sequencing,,,Phaseolus vulgaris,legume-root nodule,Mexico,,,PRJNA293118,SAMN03998624,,Rhizobium phaseoli sv. phaseoli N161,,Illumina MiSeq,,,6720332,6490
10,Rhizobium phaseoli strain R744,2718218233,Bacteria,Draft,Genome sequencing of Rhizobium strains recovered from the roots and rhizosphere of common bean,Rhizobium phaseoli sv. phaseoli R744,"Center for Genomic Sciences, UNAM",2718218233,Rhizobium,Rhizobium phaseoli,118280,0,,Genome Analysis,Ga0175853,Genome Analysis,Gp0203507,Gs0128369,SPAdes v. 3.5.0; Consed23,,Yes,Yes,396,0,0,2017-03-09,R744,,Isolate,Yes,Host-associated,Plants,Nodule,Roots,,"Mexico: Tepoztlan, Morelos",,Level 6: Finished,Whole Genome Sequencing,,,Phaseolus vulgaris,legume-root nodule,Mexico,,,PRJNA293118,SAMN03998636,,Rhizobium phaseoli sv. phaseoli R744,,Illumina MiSeq,,,6662049,6401
11,Rhizobium phaseoli strain R630,2721755823,Bacteria,Draft,Genome sequencing of Rhizobium strains recovered from the roots and rhizosphere of common bean,Rhizobium phaseoli sv. phaseoli R630,"Center for Genomic Sciences, UNAM",2721755823,Rhizobium,Rhizobium phaseoli,118834,0,,Genome Analysis,Ga0175030,Genome Analysis,Gp0203510,Gs0128369,SPAdes v. 3.5.0; Consed23,,Yes,Yes,396,0,0,2017-03-23,R630,,Isolate,Yes,Host-associated,Plants,Nodule,Roots,,"Mexico: Tepoztlan, Morelos",,Level 6: Finished,Whole Genome Sequencing,,,Phaseolus vulgaris,legume-root nodule,Mexico,,,PRJNA293118,SAMN03998633,,Rhizobium phaseoli sv. phaseoli R630,,Illumina MiSeq,,,6752556,6490
12,Rhizobium phaseoli strain R723,2718217997,Bacteria,Draft,Genome sequencing of Rhizobium strains recovered from the roots and rhizosphere of common bean,Rhizobium phaseoli sv. phaseoli R723,"Center for Genomic Sciences, UNAM",2718217997,Rhizobium,Rhizobium phaseoli,118036,0,,Genome Analysis,Ga0175203,Genome Analysis,Gp0203508,Gs0128369,SPAdes v. 3.5.0; Consed23,,Yes,Yes,396,0,0,2017-03-09,R723,,Isolate,Yes,Host-associated,Plants,Nodule,Roots,,"Mexico: Tepoztlan, Morelos",,Level 6: Finished,Whole Genome Sequencing,,,Phaseolus vulgaris,legume-root nodule,Mexico,,,PRJNA293118,SAMN03998635,,Rhizobium phaseoli sv. phaseoli R723,,Illumina MiSeq,,,6740740,6486
13,Rhizobium phaseoli strain R620,2718218235,Bacteria,Draft,Genome sequencing of Rhizobium strains recovered from the roots and rhizosphere of common bean,Rhizobium phaseoli sv. phaseoli R620,"Center for Genomic Sciences, UNAM",2718218235,Rhizobium,Rhizobium phaseoli,118282,0,,Genome Analysis,Ga0175854,Genome Analysis,Gp0203511,Gs0128369,SPAdes v. 3.5.0; Consed23,,Yes,Yes,396,0,0,2017-03-09,R620,,Isolate,Yes,Host-associated,Plants,Nodule,Roots,,"Mexico: Tepoztlan, Morelos",,Level 6: Finished,Whole Genome Sequencing,,,Phaseolus vulgaris,legume-root nodule,Mexico,,,PRJNA293118,SAMN03998632,,Rhizobium phaseoli sv. phaseoli R620,,Illumina MiSeq,,,6630699,6404
14,Rhizobium phaseoli strain N931,2721755556,Bacteria,Draft,Genome sequencing of Rhizobium strains recovered from the roots and rhizosphere of common bean,Rhizobium phaseoli sv. phaseoli N931,"Center for Genomic Sciences, UNAM",2721755556,Rhizobium,Rhizobium phaseoli,118566,0,,Genome Analysis,Ga0175360,Genome Analysis,Gp0203513,Gs0128369,SPAdes v. 3.5.0; Consed23,,Yes,Yes,396,0,0,2017-03-23,N931,,Isolate,Yes,Host-associated,Plants,Nodule,Roots,,"Mexico: Tepoztlan, Morelos",,Level 6: Finished,Whole Genome Sequencing,,,Phaseolus vulgaris,legume-root nodule,Mexico,,,PRJNA293118,SAMN03998630,,Rhizobium phaseoli sv. phaseoli N931,,Illumina MiSeq,,,6745503,6504
15,Rhizobium phaseoli strain N671,2718218269,Bacteria,Draft,Genome sequencing of Rhizobium strains recovered from the roots and rhizosphere of common bean,Rhizobium phaseoli sv. phaseoli N671,"Center for Genomic Sciences, UNAM",2718218269,Rhizobium,Rhizobium phaseoli,118316,0,,Genome Analysis,Ga0175528,Genome Analysis,Gp0203517,Gs0128369,SPAdes v. 3.5.0; Consed23,,Yes,Yes,396,0,0,2017-03-09,N671,,Isolate,Yes,Host-associated,Plants,Nodule,Roots,,"Mexico: Tepoztlan, Morelos",,Level 6: Finished,Whole Genome Sequencing,,,Phaseolus vulgaris,legume-root nodule,Mexico,,,PRJNA293118,SAMN03998626,,Rhizobium phaseoli sv. phaseoli N671,,Illumina MiSeq,,,6906114,6717
16,Rhizobium phaseoli strain R650,2721755822,Bacteria,Draft,Genome sequencing of Rhizobium strains recovered from the roots and rhizosphere of common bean,Rhizobium phaseoli sv. phaseoli R650,"Center for Genomic Sciences, UNAM",2721755822,Rhizobium,Rhizobium phaseoli,118833,0,,Genome Analysis,Ga0175031,Genome Analysis,Gp0203509,Gs0128369,SPAdes v. 3.5.0; Consed23,,Yes,Yes,396,0,0,2017-03-23,R650,,Isolate,Yes,Host-associated,Plants,Nodule,Roots,,"Mexico: Tepoztlan, Morelos",,Level 6: Finished,Whole Genome Sequencing,,,Phaseolus vulgaris,legume-root nodule,Mexico,,,PRJNA293118,SAMN03998634,,Rhizobium phaseoli sv. phaseoli R650,,Illumina MiSeq,,,6726041,6445
17,Rhizobium phaseoli strain N771,2721755819,Bacteria,Draft,Genome sequencing of Rhizobium strains recovered from the roots and rhizosphere of common bean,Rhizobium phaseoli sv. phaseoli N771,"Center for Genomic Sciences, UNAM",2721755819,Rhizobium,Rhizobium phaseoli,118830,0,,Genome Analysis,Ga0175032,Genome Analysis,Gp0203516,Gs0128369,SPAdes v. 3.5.0; Consed23,,Yes,Yes,396,0,0,2017-03-23,N771,,Isolate,Yes,Host-associated,Plants,Nodule,Roots,,"Mexico: Tepoztlan, Morelos",,Level 6: Finished,Whole Genome Sequencing,,,Phaseolus vulgaris,legume-root nodule,Mexico,,,PRJNA293118,SAMN03998627,,Rhizobium phaseoli sv. phaseoli N771,,Illumina MiSeq,,,6906405,6717
18,Rhizobium phaseoli strain N841,2721755684,Bacteria,Draft,Genome sequencing of Rhizobium strains recovered from the roots and rhizosphere of common bean,Rhizobium phaseoli sv. phaseoli N841,"Center for Genomic Sciences, UNAM",2721755684,Rhizobium,Rhizobium phaseoli,118694,0,,Genome Analysis,Ga0175204,Genome Analysis,Gp0203514,Gs0128369,SPAdes v. 3.5.0; Consed23,,Yes,Yes,396,0,0,2017-03-23,N841,,Isolate,Yes,Host-associated,Plants,Nodule,Roots,,"Mexico: Tepoztlan, Morelos",,Level 6: Finished,Whole Genome Sequencing,,,Phaseolus vulgaris,legume-root nodule,Mexico,,,PRJNA293118,SAMN03998629,,Rhizobium phaseoli sv. phaseoli N841,,Illumina MiSeq,,,6859907,6680
19,Rhizobium phaseoli strain R611,2513237103,Bacteria,Permanent Draft,GEBA - Root Nodulating Bacteria,Rhizobium leguminosarum bv. viciae VF39,DOE Joint Genome Institute (JGI),2513237103,Rhizobium,Rhizobium leguminosarum,8378,404587,,Genome Analysis,Ga0025175,Genome Analysis,Gp0009626,Gs0014878,ALLPATHS v. R37654,,Yes,Yes,1041145,0,0,2012-05-22,VF39,Symbiotic,Isolate,Yes,Host-associated,Plants,Unclassified,Rhizoplane,,Bielefeld,Unknown,,Whole Genome Sequencing,"Host, Plant root, Root nodule, Soil",,Vicia faba,Bielefeld,Germany,52.02558,8.536262,PRJNA163011,SAMN02441560,5-8,Rhizobium leguminosarum bv. viciae VF39,,"Illumina, 454 GS FLX Titanium",No,,7647401,7469
20,Rhizobium phaseoli Brasil 5,642979352,Bacteria,Finished,Nitrogen-fixing symbiotic bacteria,Rhizobium phaseoli Brasil 5,National Autonomous University of Mexico,642979352,Rhizobium,Rhizobium phaseoli,0,0,,Genome Analysis,Ga0030092,Genome Analysis,Gp0003786,Gs0030631,,,No,Yes,526949,29557,55137,2009-04-01,Brasil 5,Symbiotic,Isolate,Yes,,,,,,,1x,Level 6: Finished,Whole Genome Sequencing,"Host, Plant root, Root nodule",,,,,,,PRJNA29557,SAMN02469449,,Rhizobium phaseoli Brasil 5,28751391,"Illumina MiSeq, 454 GS FLX",Unknown,,3425620,5088
21,Rhizobium phaseoli Ch24-10,2548876814,Bacteria,Finished,Rhizobium phaseoli Ch24-10,Rhizobium phaseoli Ch24-10,National Autonomous University of Mexico,2548876814,Rhizobium,Rhizobium phaseoli,24318,0,,Genome Analysis,Ga0020318,Genome Analysis,Gp0017797,Gs0030645,Newbler v. 2.6; TAIPAN; SSAKE; Minimus2,,Yes,Yes,1128399,0,0,2013-12-05,Ch24-10,,Isolate,Yes,,,,,,Mexico: Morelos,80x,Level 6: Finished,Whole Genome Sequencing,Soil,,,,Mexico,,,PRJNA79359,SAMN02469452,,Rhizobium phaseoli Ch24-10,22858268,"454 GS FLX Titanium, Illumina GAIIx",No,,6622294,6592
22,Rhizobium tropici CIAT 899,2524023199,Bacteria,Finished,Rhizobium tropici CIAT899,Rhizobium tropici CIAT899,National Autonomous University of Mexico,2524023199,Rhizobium,Rhizobium tropici,14207,0,,Genome Analysis,Ga0012819,Genome Analysis,Gp0006704,Gs0030665,,,Yes,Yes,698761,0,0,2013-04-19,CIAT899,Symbiotic,Isolate,Yes,Host-associated,Plants,Unclassified,Unclassified,,Colombia,,Level 6: Finished,Whole Genome Sequencing,"Host, Plant root, Root nodule",,Phaseolus vulgaris,Phaseolus vulgaris root nodule,Colombia,,,PRJNA42391,,5 - 7,Rhizobium tropici CIAT899,23270491,"454, 454 GS FLX",Yes,,6686334,6349
23,Rhizobium leguminosarum strain Vaf-108,,,,,,,,,,,,,,,,,,,,,,,,,,,,,,,,,,,,,,,,,,,,,,,,,,,,,,,
24,Rhizobium leguminosarum strain Norway,,,,,,,,,,,,,,,,,,,,,,,,,,,,,,,,,,,,,,,,,,,,,,,,,,,,,,,
25,Rhizobium leguminosarum strain ATCC 14479,,,,,,,,,,,,,,,,,,,,,,,,,,,,,,,,,,,,,,,,,,,,,,,,,,,,,,,
26,Rhizobium leguminosarum bv. trifolii CB782,2510065076,Bacteria,Finished,"Analysis of the clover, pea/bean and lupin microsymbiont genetic pool by studying isolates from distinct Vavilov centres of diversity",Rhizobium leguminosarum bv. trifolii CB782,DOE Joint Genome Institute (JGI),2510065076,Rhizobium,Rhizobium leguminosarum,6921,403027,,Genome Analysis,Ga0025077,Genome Analysis,Gp0007437,Gs0000016,ALLPATHS v. R37654,,Yes,Yes,1033991,67103,0,2011-12-28,CB782,Symbiotic,Isolate,Yes,,,,,,,,Level 6: Finished,Whole Genome Sequencing,"Host, Plant root, Root nodule, Soil",,Trifolium semipilosum,,Kenya,,,PRJNA67103,SAMN02769652,5-8,Rhizobium leguminosarum bv. trifolii CB782,,"Illumina, 454 GS FLX Titanium",No,,6703653,6559
27,Rhizobium leguminosarum bv. trifolii WSM1325,644736401,Bacteria,Finished,CSP_776821,Rhizobium leguminosarum bv. trifolii WSM1325,DOE Joint Genome Institute (JGI),644736401,Rhizobium,Rhizobium leguminosarum,0,16321,,Genome Analysis,Ga0030099,Genome Analysis,Gp0001809,Gs0011842,"Newbler v. 1.1.02.15, Phrap v. 4.24 SPS",,Yes,Yes,395491,20097,58991,2009-12-01,WSM1325,Symbiotic,Isolate,Yes,Environmental,Aquatic,Intertidal zone,Marine,,,"16x Sanger, 20x 454",Level 6: Finished,Whole Genome Sequencing,"Host, Plant root, Root nodule, Soil",,,"Livadi  beach, Serifos, Cyclades, Greece",Greece,37.147034,24.518901,PRJNA20097,SAMN00000703,5-8,Rhizobium leguminosarum bv. trifolii WSM1325,21304718,"Sanger, 454 GS FLX",No,,7418122,7292
28,Rhizobium leguminosarum bv. trifolii WSM1689,2510065019,Bacteria,Finished,"Analysis of the clover, pea/bean and lupin microsymbiont genetic pool by studying isolates from distinct Vavilov centres of diversity",Rhizobium leguminosarum bv. trifolii WSM1689,DOE Joint Genome Institute (JGI),2510065019,Rhizobium,Rhizobium leguminosarum,6804,403011,,Genome Analysis,Ga0025057,Genome Analysis,Gp0007438,Gs0000016,"VELVET, version 1.1.05; Newbler, version 2.6; phrap, version SPS - 4.24",,Yes,Yes,754523,62289,0,2011-12-28,WSM1689,Symbiotic,Isolate,Yes,Host-associated,Plants,Unclassified,Rhizoplane,,"6 km from Eggares, Naxos, Greece","8.3x 454, 774.6x Illumina",Level 6: Finished,Whole Genome Sequencing,"Host, Plant root, Root nodule, Soil",,Trifolium uniflorum,root nodule of Trifolium uniflorum collected on the edge of a valley 6 km from Eggares on the Greek Island of Naxos,Greece,37.128333,25.443333,PRJNA62289,SAMN02769650,5-8,Rhizobium leguminosarum bv. trifolii WSM1689,25197438,"Illumina HiSeq 2000, 454 GS FLX Titanium",No,,6903379,6797
29,Rhizobium leguminosarum bv. trifolii WSM2304,643348569,Bacteria,Finished,CSP_776821,Rhizobium leguminosarum bv. trifolii WSM2304,DOE Joint Genome Institute (JGI),643348569,Rhizobium,Rhizobium leguminosarum,0,16322,,Genome Analysis,Ga0030100,Genome Analysis,Gp0001811,Gs0011842,"Newbler v. 1.1.02.15, Phrap v. 4.24 SPS",,Yes,Yes,395492,20179,58997,2009-04-01,WSM2304,Symbiotic,Isolate,Yes,Host-associated,Plants,Unclassified,Unclassified,,,"11.7x Sanger; 16x 454, 31.4x average",Level 6: Finished,Whole Genome Sequencing,"Host, Plant root, Root nodule, Soil",,Trifolium polymorphum,"Glencoe Research Station, INIA Uruguay",Uruguay,-32.533333,-57,PRJNA20179,SAMN00000679,5-8,Rhizobium leguminosarum bv. trifolii WSM2304,21304679,"Sanger, 454 GS FLX",No,,6872702,6643
30,Rhizobium leguminosarum bv. viciae strain BIHB 1148,,,,,,,,,,,,,,,,,,,,,,,,,,,,,,,,,,,,,,,,,,,,,,,,,,,,,,,
31,Rhizobium leguminosarum bv. viciae strain BIHB 1217,,,,,,,,,,,,,,,,,,,,,,,,,,,,,,,,,,,,,,,,,,,,,,,,,,,,,,,
32,Rhizobium leguminosarum bv. viciae strain UPM791,,,,,,,,,,,,,,,,,,,,,,,,,,,,,,,,,,,,,,,,,,,,,,,,,,,,,,,
33,Rhizobium leguminosarum bv. viciae strain 3841,639633055,Bacteria,Finished,Rhizobium leguminosarum bv. viciae 3841,Rhizobium leguminosarum bv. viciae 3841,Wellcome Trust Sanger Institute,639633055,Rhizobium,Rhizobium leguminosarum,0,0,,Genome Analysis,Ga0030101,Genome Analysis,Gp0000346,Gs0030638,"Phrap, Gap4",,Yes,Yes,216596,344,57955,2007-03-01,3841,Symbiotic,Isolate,Yes,Host-associated,Unclassified,Unclassified,Unclassified,,,7.6x,Level 6: Finished,Whole Genome Sequencing,"Host, Plant root, Root nodule",,Pisum sativum,,United Kingdom,,,PRJNA344,SAMEA1705944,,Rhizobium leguminosarum bv. viciae 3841,16640791,,Unknown,,7751309,7357
34,Rhizobium gallicum strain IE4872,2721755815,Bacteria,Draft,Rhizobium gallicum sv gallicum IE4872 genome sequencing,Rhizobium gallicum IE4872,"Center for Genomic Sciences, UNAM",2721755815,Rhizobium,Rhizobium gallicum,118826,0,,Genome Analysis,Ga0175654,Genome Analysis,Gp0203144,Gs0128233,Velvet v. 1.1.06; Sspace-Basic 2.0; Consedv. 23,,Yes,Yes,56730,0,0,2017-03-23,IE4872,,Isolate,Yes,Host-associated,Plants,,,,"Mexico: San Miguel Acuexcomac, state of Puebla",,Level 6: Finished,Whole Genome Sequencing,,,Phaseolus vulgaris,nodule from Agricultural field,Mexico,,,PRJNA293856,SAMN04010568,,Rhizobium gallicum IE4872,28302777,"Illumina MiSeq, 454 GS FLX",,,7474202,7395
35,Rhizobium esperanzae strain N561,2718218009,Bacteria,Draft,Genome sequencing of Rhizobium strains recovered from the roots and rhizosphere of common bean,Rhizobium sp. N561,"Center for Genomic Sciences, UNAM",2718218009,Rhizobium,Rhizobium sp. N561,118049,0,,Genome Analysis,Ga0174939,Genome Analysis,Gp0203503,Gs0128369,SPAdes v. 3.5.0; Consed23,,Yes,Yes,1703963,0,0,2017-03-09,N561,,Isolate,Yes,Host-associated,Plants,Nodule,Roots,,"Mexico: Tepoztlan, Morelos",,Level 6: Finished,Whole Genome Sequencing,,,Phaseolus vulgaris,legume-root nodule,Mexico,,,PRJNA293118,SAMN03998640,,Rhizobium sp. N561,,Illumina MiSeq,,,6478651,6276
36,Rhizobium acidisoli strain FH23,2648501703,Bacteria,Draft,Rhizobium acidisoli FH23,Rhizobium acidisoli FH23,Laboratory of Microbial Ecology of the Escuela Nacional de Ciencias Biologicas,2648501703,Rhizobium,Rhizobium acidisoli,77833,0,,Genome Analysis,Ga0101149,Genome Analysis,Gp0124618,Gs0117713,SOAPdenovo v. 2.01,,Yes,Yes,1538158,0,0,2016-01-22,FH23,,Isolate,Yes,,,,,,,,,Whole Genome Sequencing,,,,,,,,PRJNA295402,SAMN04053796,,Rhizobium acidisoli FH23,,Illumina MiSeq,,,7344454,7111
37,Rhizobium sp. LPU83,2740891995,Bacteria,Finished,Draft genome sequence of Rhizobium favelukesii LPU83,Rhizobium favelukesii LPU83,Bielefeld University,2740891995,Rhizobium,Rhizobium favelukesii,142089,0,,Genome Analysis,Ga0194092,Genome Analysis,Gp0101044,Gs0112019,Unknown,,Yes,Yes,348824,0,0,2017-07-31,LPU83,Symbiotic,Isolate,Yes,,,,,,"Bielefeld, Germany",,Level 6: Finished,Whole Genome Sequencing,"Host, Plant, Plant root, Root nodule, Soil",,,Plant,Germany,52.03,8.49,PRJEB4920,,,Rhizobium favelukesii LPU83,,,Yes,,7569648,7785
38,Rhizobium jaguaris strain CCGE525,,,,,,,,,,,,,,,,,,,,,,,,,,,,,,,,,,,,,,,,,,,,,,,,,,,,,,,
39,Rhizobium pusense strain CFBP5875,,,,,,,,,,,,,,,,,,,,,,,,,,,,,,,,,,,,,,,,,,,,,,,,,,,,,,,
40,Rhizobium sp. 11515TR,2765235943,Bacteria,Draft,Genome sequencing of Rhizobium sp. 10195,Rhizobium sp. 11515TR,University of Alberta,2765235943,Rhizobium,Rhizobium sp. 11515TR,169249,0,,Genome Analysis,Ga0225951,Genome Analysis,Gp0261154,Gs0132783,Celera Assembler v. MAY-2016,,Yes,Yes,2028343,0,0,2017-12-20,10195,,Isolate,Yes,Environmental,Terrestrial,,Soil,,Philippines: Los Banos,,Level 6: Finished,Whole Genome Sequencing,,,,agricultural soil,Philippines,14.1667,121.2167,PRJNA399130,SAMN07522840,,Rhizobium sp. 11515TR,,PacBio RS,,,7070317,6803
41,Rhizobium sp. ACO-34A,2775507049,Bacteria,Draft,Rhizobium sp. ACO-34A genome sequencing,Rhizobium sp. ACO-34A,Allegheny-Singer Research Institute,2775507049,Rhizobium,Rhizobium sp. ACO-34A,185191,0,,Genome Analysis,Ga0263425,Genome Analysis,Gp0301589,Gs0133737,RS_HGAP_Assembly.3 v. SMRT portal 2.3.0,,Yes,Yes,1571470,0,0,2018-04-16,ACO-34A,,Isolate,Yes,,,,,,"Mexico: Comitan de Dominguez, Chiapas",,Level 6: Finished,Whole Genome Sequencing,,,,rhizosphere,Mexico,,,PRJNA384228,SAMN06830640,,Rhizobium sp. ACO-34A,29146860,PacBio RS,,,6284736,5972
42,Rhizobium sp. CCGE531,,,,,,,,,,,,,,,,,,,,,,,,,,,,,,,,,,,,,,,,,,,,,,,,,,,,,,,
43,Rhizobium sp. CCGE532,,,,,,,,,,,,,,,,,,,,,,,,,,,,,,,,,,,,,,,,,,,,,,,,,,,,,,,
44,Rhizobium sp. CIAT894,2754412943,Bacteria,Finished,Nitrogen-fixing symbiotic bacteria,Rhizobium sp. CIAT 894,National Autonomous University of Mexico,2754412943,Rhizobium,Rhizobium sp. CIAT894,155513,0,,Genome Analysis,Ga0213588,Genome Analysis,Gp0003794,Gs0030631,,,Yes,Yes,2020312,0,0,2017-10-04,CIAT 894,Symbiotic,Isolate,Yes,Host-associated,Plants,Unclassified,Unclassified,,,1x,Level 6: Finished,Whole Genome Sequencing,"Host, Plant root, Root nodule",,Phaseolus vulgaris,Phaseolus vulgaris,,,,PRJNA29565,SAMN02469455,,Rhizobium sp. CIAT 894,28751391,,Unknown,,6657947,6405
45,Rhizobium sp. IE4771,2585427632,Bacteria,Finished,Rhizobium etli bv. mimosae IE4771,Rhizobium etli bv. mimosae IE4771,National Autonomous University of Mexico,2585427632,Rhizobium,Rhizobium etli,45895,0,,Genome Analysis,Ga0056588,Genome Analysis,Gp0075296,Gs0108337,Velvet v. 1.1.06; Newbler v. 2.5.3; phred_Phrap/Consed23; Sspace_Bassic 2.0,,Yes,Yes,1432050,0,0,2014-08-18,IE4771,Symbiotic,Isolate,Yes,,,,,,"Mexico: Huautla, San Miguel Acuexcomac, Pueblo",97x,Level 6: Finished,Whole Genome Sequencing,Root nodule,,Phaseolus vulgaris,"From Phaseolus vulgaris, in an agricultural field",Mexico,17.749237,-97.144606,PRJNA230502,,,Rhizobium etli bv. mimosae IE4771,,"454 GS FLX Titanium, Illumina GAIIx",Unknown,,7057405,6865
46,Rhizobium sp. IRBG74,2654587994,Bacteria,Draft,The Complete Genome Sequence of the Rice Endophyte Rhizobium sp. Strain IRBG74,Rhizobium sp. IRBG74,National Center for Genome Resources,2654587994,Rhizobium,Rhizobium sp. IRBG74,80294,0,,Genome Analysis,Ga0111291,Genome Analysis,Gp0102066,Gs0113677,,,Yes,Yes,424182,0,0,2016-03-14,IRBG74,,Isolate,Yes,,,,,,,,Level 6: Finished,Whole Genome Sequencing,,,,,,,,PRJEB4411,SAMEA3138824,,Rhizobium sp. IRBG74,,,Unknown,,5464982,5265
47,Rhizobium sp. Kim5,2775507240,Bacteria,Finished,Nitrogen-fixing symbiotic bacteria,Rhizobium sp. Kim5,National Autonomous University of Mexico,2775507240,Rhizobium,Rhizobium sp. Kim5,185383,0,,Genome Analysis,Ga0213591,Genome Analysis,Gp0003784,Gs0030631,,,Yes,Yes,2020311,0,0,2018-04-16,Kim 5,Symbiotic,Isolate,Yes,Host-associated,Plants,Unclassified,Unclassified,,,1x,Level 6: Finished,Whole Genome Sequencing,"Host, Plant root, Root nodule",,Phaseolus vulgaris,Phaseolus vulgaris,,,,PRJNA29555,SAMN02469451,,Rhizobium sp. Kim5,28751391,,Unknown,,6817255,6627
48,Rhizobium sp. N113,2718218363,Bacteria,Draft,Genome sequencing of Rhizobium strains recovered from the roots and rhizosphere of common bean,Rhizobium sp. N113,"Center for Genomic Sciences, UNAM",2718218363,Rhizobium,Rhizobium sp. N113,118424,0,,Genome Analysis,Ga0175318,Genome Analysis,Gp0203506,Gs0128369,SPAdes v. 3.5.0; Consed23,,Yes,Yes,1703960,0,0,2017-03-09,N113,,Isolate,Yes,Host-associated,Plants,Nodule,Roots,,"Mexico: Tepoztlan, Morelos",,Level 6: Finished,Whole Genome Sequencing,,,Phaseolus vulgaris,legume-root nodule,Mexico,,,PRJNA293118,SAMN03998637,,Rhizobium sp. N113,,Illumina MiSeq,,,6524337,6256
49,Rhizobium sp. N1314,2728369397,Bacteria,Draft,Genome sequencing of Rhizobium strains recovered from the roots and rhizosphere of common bean,Rhizobium sp. N1314,"Center for Genomic Sciences, UNAM",2728369397,Rhizobium,Rhizobium sp. N1314,124260,0,,Genome Analysis,Ga0175481,Genome Analysis,Gp0203505,Gs0128369,SPAdes v. 3.5.0; Consed23,,Yes,Yes,1703961,0,0,2017-04-28,N1314,,Isolate,Yes,Host-associated,Plants,Nodule,Roots,,"Mexico: Tepoztlan, Morelos",,Level 6: Finished,Whole Genome Sequencing,,,Phaseolus vulgaris,legume-root nodule,Mexico,,,PRJNA293118,SAMN03998638,,Rhizobium sp. N1314,,Illumina MiSeq,,,6274511,6047
50,Rhizobium sp. N1341,2728369365,Bacteria,Draft,Genome sequencing of Rhizobium strains recovered from the roots and rhizosphere of common bean,Rhizobium sp. N1341,"Center for Genomic Sciences, UNAM",2728369365,Rhizobium,Rhizobium sp. N1341,124228,0,,Genome Analysis,Ga0174819,Genome Analysis,Gp0203504,Gs0128369,SPAdes v. 3.5.0; Consed23,,Yes,Yes,1703962,0,0,2017-04-28,N1341,,Isolate,Yes,Host-associated,Plants,Nodule,Roots,,"Mexico: Tepoztlan, Morelos",,Level 6: Finished,Whole Genome Sequencing,,,Phaseolus vulgaris,legume-root nodule,Mexico,,,PRJNA293118,SAMN03998639,,Rhizobium sp. N1341,,Illumina MiSeq,,,6555560,6343
51,Rhizobium sp. N324,2718217927,Bacteria,Draft,Genome sequencing of Rhizobium strains recovered from the roots and rhizosphere of common bean,Rhizobium sp. N324,"Center for Genomic Sciences, UNAM",2718217927,Rhizobium,Rhizobium sp. N324,117950,0,,Genome Analysis,Ga0174980,Genome Analysis,Gp0203497,Gs0128369,SPAdes v. 3.5.0; Consed v. 23,,Yes,Yes,1703969,0,0,2017-03-09,N324,,Isolate,Yes,Host-associated,Plants,Nodule,Roots,,"Mexico: Tepoztlan, Morelos",,Level 6: Finished,Whole Genome Sequencing,,,Phaseolus vulgaris,legume-root nodule,Mexico,,,PRJNA293118,SAMN03998646,,Rhizobium sp. N324,,Illumina MiSeq,,,6972593,6697
52,Rhizobium sp. N4311,,,,,,,,,,,,,,,,,,,,,,,,,,,,,,,,,,,,,,,,,,,,,,,,,,,,,,,
53,Rhizobium sp. N541,2721755809,Bacteria,Draft,Genome sequencing of Rhizobium strains recovered from the roots and rhizosphere of common bean,Rhizobium sp. N541,"Center for Genomic Sciences, UNAM",2721755809,Rhizobium,Rhizobium sp. N541,118820,0,,Genome Analysis,Ga0175653,Genome Analysis,Gp0203496,Gs0128369,SPAdes v. 3.5.0; Consed v. 23,,Yes,Yes,1703970,0,0,2017-03-23,N541,,Isolate,Yes,Host-associated,Plants,Nodule,Roots,,"Mexico: Tepoztlan, Morelos",,Level 6: Finished,Whole Genome Sequencing,,,Phaseolus vulgaris,legume-root nodule,Mexico,,,PRJNA293118,SAMN03998647,,Rhizobium sp. N541,,Illumina MiSeq,,,6438790,6147
54,Rhizobium sp. N621,2718218366,Bacteria,Draft,Genome sequencing of Rhizobium strains recovered from the roots and rhizosphere of common bean,Rhizobium sp. N621,"Center for Genomic Sciences, UNAM",2718218366,Rhizobium,Rhizobium sp. N621,118427,0,,Genome Analysis,Ga0175317,Genome Analysis,Gp0203502,Gs0128369,SPAdes v. 3.5.0; Consed23,,Yes,Yes,1703964,0,0,2017-03-09,N621,,Isolate,Yes,Host-associated,Plants,Nodule,Roots,,"Mexico: Tepoztlan, Morelos",,Level 6: Finished,Whole Genome Sequencing,,,Phaseolus vulgaris,legume-root nodule,Mexico,,,PRJNA293118,SAMN03998641,,Rhizobium sp. N621,,Illumina MiSeq,,,6425255,6191
55,Rhizobium sp. N6212,2721755514,Bacteria,Draft,Genome sequencing of Rhizobium strains recovered from the roots and rhizosphere of common bean,Rhizobium sp. N6212,"Center for Genomic Sciences, UNAM",2721755514,Rhizobium,Rhizobium sp. N6212,117972,0,,Genome Analysis,Ga0175976,Genome Analysis,Gp0203501,Gs0128369,SPAdes v. 3.5.0; Consed23,,Yes,Yes,1703965,0,0,2017-03-23,N6212,,Isolate,Yes,Host-associated,Plants,Nodule,Roots,,"Mexico: Tepoztlan, Morelos",,Level 6: Finished,Whole Genome Sequencing,,,Phaseolus vulgaris,legume-root nodule,Mexico,,,PRJNA293118,SAMN03998642,,Rhizobium sp. N6212,,Illumina MiSeq,,,6424414,6191
56,Rhizobium sp. N731,2718218365,Bacteria,Draft,Genome sequencing of Rhizobium strains recovered from the roots and rhizosphere of common bean,Rhizobium sp. N731,"Center for Genomic Sciences, UNAM",2718218365,Rhizobium,Rhizobium sp. N731,118426,0,,Genome Analysis,Ga0175316,Genome Analysis,Gp0203500,Gs0128369,SMAdes v. 3.5.0; Consed23,,Yes,Yes,1703966,0,0,2017-03-09,N731,,Isolate,Yes,Host-associated,Plants,Nodule,Roots,,"Mexico: Tepoztlan, Morelos",,Level 6: Finished,Whole Genome Sequencing,,,Phaseolus vulgaris,legume-root nodule,Mexico,,,PRJNA293118,SAMN03998643,,Rhizobium sp. N731,,Illumina MiSeq,,,6274507,6049
57,Rhizobium sp. N741,2718217882,Bacteria,Draft,Genome sequencing of Rhizobium strains recovered from the roots and rhizosphere of common bean,Rhizobium sp. N741,"Center for Genomic Sciences, UNAM",2718217882,Rhizobium,Rhizobium sp. N741,117886,0,,Genome Analysis,Ga0175153,Genome Analysis,Gp0203499,Gs0128369,SMAdes v. 3.5.0; Consed23,,Yes,Yes,1703967,0,0,2017-03-09,N741,,Isolate,Yes,Host-associated,Plants,Nodule,Roots,,"Mexico: Tepoztlan, Morelos",,Level 6: Finished,Whole Genome Sequencing,,,Phaseolus vulgaris,legume-root nodule,Mexico,,,PRJNA293118,SAMN03998644,,Rhizobium sp. N741,,Illumina MiSeq,,,6556348,6346
58,Rhizobium sp. N871,2721755810,Bacteria,Draft,Genome sequencing of Rhizobium strains recovered from the roots and rhizosphere of common bean,Rhizobium sp. N871,"Center for Genomic Sciences, UNAM",2721755810,Rhizobium,Rhizobium sp. N871,118821,0,,Genome Analysis,Ga0175652,Genome Analysis,Gp0203498,Gs0128369,SPAdes v. 3.5.0; Consed23,,Yes,Yes,1703968,0,0,2017-03-23,N871,,Isolate,Yes,Host-associated,Plants,Nodule,Roots,,"Mexico: Tepoztlan, Morelos",,Level 6: Finished,Whole Genome Sequencing,,,Phaseolus vulgaris,legume-root nodule,Mexico,,,PRJNA293118,SAMN03998645,,Rhizobium sp. N871,,Illumina MiSeq,,,6479005,6276
59,Rhizobium sp. N941,2718218423,Bacteria,Draft,Genome sequencing of Rhizobium strains recovered from the roots and rhizosphere of common bean,Rhizobium sp. N941,"Center for Genomic Sciences, UNAM",2718218423,Rhizobium,Rhizobium sp. N941,118484,0,,Genome Analysis,Ga0175804,Genome Analysis,Gp0203495,Gs0128369,SPAdes v. 3.5.0; Consed v. 23,,Yes,Yes,1703971,0,0,2017-03-09,N941,,Isolate,Yes,Host-associated,Plants,Nodule,Roots,,"Mexico: Tepoztlan, Morelos",,Level 6: Finished,Whole Genome Sequencing,,,Phaseolus vulgaris,legume-root nodule,Mexico,,,PRJNA293118,SAMN03998648,,Rhizobium sp. N941,,Illumina MiSeq,,,6438183,6142
60,Rhizobium sp. NT-26,2636415851,Bacteria,Draft,Rhizobium sp. NT-26 Genome sequencing,Rhizobium sp. NT-26,CEA Genoscope,2636415851,Rhizobium,Rhizobium sp. NT-26,72089,0,,Genome Analysis,Ga0070469,Genome Analysis,Gp0101995,Gs0113603,,,Yes,Yes,1125847,0,0,2015-10-20,NT-26,,Isolate,Yes,,,,,,,,Level 6: Finished,Whole Genome Sequencing,,,,,,,,PRJEB4806,SAMEA3283108,,Rhizobium sp. NT-26,,,Unknown,,4577425,4524
61,Rhizobium sp. NXC14,2751185907,Bacteria,Draft,Rhizobium sp. NXC14 genome sequencing,Rhizobium sp. NXC14,"Center for Genomic Sciences, UNAM",2751185907,Rhizobium,Rhizobium sp. NXC14,150310,0,,Genome Analysis,Ga0198621,Genome Analysis,Gp0223165,Gs0130232,Newbler v. 2.5.3; Velvet v. 1.2.10;Consed v. 23,,Yes,Yes,1981173,0,0,2017-09-11,NXC14,,Isolate,Yes,,,,,,"Mexico: Morelos, Sierra de Huautla",,Level 6: Finished,Whole Genome Sequencing,,,,,Mexico,,,PRJNA383589,SAMN06767451,,Rhizobium sp. NXC14,28751391,"454, Illumina HiSeq",,,6686318,6506
62,Rhizobium sp. NXC24,2791355252,Bacteria,Draft,Rhizobium sp. NXC24 genome sequencing,Rhizobium sp. NXC24,"Center for Genomic Sciences, UNAM",2791355252,Rhizobium,Rhizobium sp. NXC24,195130,0,,Genome Analysis,Ga0272268,Genome Analysis,Gp0308718,Gs0134430,Newbler v. 2.5.3; Velvet v. 1.2.10;Consed v. 23,,Yes,Yes,2048897,0,0,2018-08-24,,,Isolate,Yes,,,,,,Mexico: Huautla Morelos,,Level 6: Finished,Whole Genome Sequencing,,,Phaseolus vulgaris,plant nodule in agricultural field,Mexico,,,PRJNA415482,SAMN07823526,,Rhizobium sp. NXC24,,"454, Illumina NextSeq",,,7302537,7010
63,Rhizobium sp. TAL182,,,,,,,,,,,,,,,,,,,,,,,,,,,,,,,,,,,,,,,,,,,,,,,,,,,,,,,
64,Rhizobium sp. Y9,2775507050,Bacteria,Draft,Rhizobium sp. Y9 genome sequencing,Rhizobium sp. Y9,Ibaraki University,2775507050,Rhizobium,Rhizobium sp. Y9,185192,0,,Genome Analysis,Ga0263912,Genome Analysis,Gp0302265,Gs0133929,SPAdes Hybrid Assembly v. 3.6.2,,Yes,Yes,1914541,0,0,2018-04-16,Y9,,Isolate,Yes,,,,,,Japan,,Level 6: Finished,Whole Genome Sequencing,,,,,Japan,,,PRJNA351913,SAMN05958282,,Rhizobium sp. Y9,,Illumina MiSeq,,,5321211,5094
